occupation_code,occ2000,socwt,nr_cog_anal,nr_cog_pers,r_cog,r_man,nr_man_phys,nr_man_pers,offshor
111011,1,919980.0,1.6863902,2.426956,0.14316261,-1.4282569,-1.5972284,0.9857786,1.2639744
111021,2,4.9825e+06,0.9887732,1.1150659,-1.786258,-0.9608035,-0.039932273,0.5822039,-0.26896876
112011,4,116140.0,1.1973473,1.4372401,-0.86366457,-0.80949384,-0.7303729,0.3900257,0.5345834
112021,5,491660.0,1.4380964,1.7296432,-1.4532425,-1.6140009,-1.4600825,0.8320361,1.0873463
112022,5,948100.0,1.1509278,2.8153021,-1.4670653,-1.4103671,-0.3848575,1.543096,1.4985814
112031,6,134990.0,1.8608458,1.6388215,0.04600233,-1.304576,-1.4584873,1.216393,0.5472516
113011,10,711180.0,0.17604001,0.27447763,-0.38515466,-1.0350071,-0.9988875,2.1004133,0.05206958
113021,11,775530.0,2.1731958,2.5501337,-0.42879596,-0.7438799,-0.33754516,0.5822039,-0.5616829
113031,12,1.42461e+06,1.3139836,1.3588592,0.27422738,-1.5107731,-1.5870781,0.55337745,0.6438553
113041,13,139890.0,1.3930496,1.5520458,-0.9707647,-1.6394975,-1.6088322,0.35159007,2.2532248
113042,13,84340.0,1.4108251,2.6492624,-2.0371728,-0.97122014,-0.8588522,0.8320361,1.1180996
113051,14,460230.0,0.73939425,2.2151303,-0.42153174,0.06268085,-0.48423246,-0.12885593,0.031883363
113061,15,201390.0,1.2401106,2.1164708,-0.60545886,-1.2767991,-1.5537201,-1.2819262,1.3968632
113071,16,266670.0,0.89353555,1.9246978,-0.17823638,-1.0735354,-0.7024863,-0.26338068,1.2068529
119011,20,10850.0,1.319941,1.5947368,-1.2650338,-0.54870546,0.111044504,0.25550097,-0.31455117
119012,21,990.0,-0.00970413,-0.77927536,-2.7724855,0.955499,1.758696,-0.76304454,0.35529733
119021,22,616360.0,1.1311423,1.1069057,-0.808796,-1.2627655,-0.7905014,0.12097622,0.46480379
119031,23,142540.0,0.93239975,1.9676961,-1.7298802,-1.5146694,-1.0859106,2.5232062,-0.8548671
119032,23,647700.0,1.6959735,2.8274813,-1.9487218,-1.5948198,-1.6226584,2.1196315,-0.23184814
119033,23,309850.0,1.6220587,2.3044302,-1.6154393,-1.5687567,-1.5537201,1.8313637,0.68916744
119041,30,555780.0,1.5471611,1.6073103,-1.2251745,-1.2181947,-1.4042039,0.35159007,0.96182567
119051,31,571930.0,0.32956204,1.8575977,0.011256653,0.52347904,0.074515246,0.8320361,-1.0837442
119061,32,68790.0,0.32790056,0.6810498,0.8043898,-0.30594367,0.50631595,1.543096,-1.3226446
119071,33,10380.0,0.7989803,2.2620893,-0.34774134,-0.6119017,-1.0474594,1.1395217,-0.9531845
119081,34,94230.0,0.26105687,0.7651291,-0.4925011,-1.1431199,-0.91123915,2.4847705,0.042167276
119111,35,705690.0,1.6162496,2.595186,-0.42543024,-1.0283859,-0.87174517,1.0818682,-0.9619871
119121,36,118430.0,1.2957466,0.2110002,-1.4600983,-0.61408526,-1.2879138,0.2747188,0.8770677
119131,40,79200.0,0.9829425,1.1121914,-0.3705199,-0.8144458,-1.4908725,0.23628314,0.08335315
119141,41,470770.0,0.40148166,1.4165239,-0.1846323,-1.4419096,-1.2159364,1.0242143,0.5174369
119151,42,337600.0,1.5009502,2.776521,-1.9259541,-1.2478234,-1.2698475,2.273374,-0.8174341
119199,43,1.0238e+06,1.5027556,1.7114247,0.08608371,-1.2124354,-1.6226463,,1.6365556
131011,50,33450.0,0.85797113,1.1932701,-0.6418636,-0.79904616,-0.99528295,1.6199672,1.293026
131021,51,39010.0,0.23147479,-0.60085213,0.28051996,-1.1377993,-0.58365184,-0.93600535,0.30607134
131022,52,402760.0,-0.32745564,0.49385798,0.8844096,-1.0111457,-0.8975393,0.3900257,1.385525
131023,53,825270.0,0.7552527,0.56311005,0.18513784,-0.32656455,-0.6717083,-0.8975697,1.4647783
131031,54,792670.0,0.4795071,-0.47763193,0.6608221,-0.48376217,-0.5872262,0.12097622,1.1298656
131032,54,37680.0,-0.84433097,-2.2910204,-0.5720518,-0.88024485,-0.5659085,0.6975113,1.2925853
131041,56,615800.0,1.2414794,0.51920193,0.39610693,-0.98256356,-0.20195311,0.50148934,0.18454818
131051,60,640300.0,1.5660125,0.9157271,0.6940272,-1.1261549,-1.4876312,-0.37868807,1.8537822
131061,73,34180.0,1.4037324,1.4271123,-1.8493373,-1.2274126,-1.2499619,0.14019403,-0.20471597
131071,62,561500.0,0.6245558,1.1113182,-0.57426405,-0.81570625,-1.1041685,0.9377339,0.7066538
131072,62,311480.0,1.3250062,-0.09887532,-0.5723007,-1.3990484,-0.99782914,-0.071202464,2.3847547
131073,62,606730.0,1.7003524,2.7507906,-1.5832181,-1.3725921,-1.4007564,0.8320361,1.0706176
131081,70,222130.0,1.2513223,0.58719724,-0.98896646,-1.7400366,-1.6571696,-0.3594698,1.2193115
131111,71,1.41671e+06,1.7766335,1.304258,-1.5351253,-0.9751565,-1.1828309,0.06332229,1.1163541
131121,72,128040.0,0.01207222,1.0293921,-0.42731673,-1.2689573,-0.13124399,0.8320361,0.01900769
131199,73,2.91727e+06,1.1577246,-0.19010943,-1.0402745,-1.0256125,0.45016104,,-0.06619462
132011,80,3.25919e+06,1.108543,0.7712701,0.76403815,-1.0999209,-1.2372657,-0.051984638,2.2288501
132021,81,196430.0,0.56064075,-0.81744015,0.45394638,-0.89300585,-0.4283534,-0.24416286,0.79998606
132031,82,174010.0,1.3726585,-0.33161828,1.0532029,-0.8717214,-1.3950986,-0.8399158,2.366131
132041,83,199080.0,0.4702703,-0.24609986,0.4495659,-0.8243923,-0.9194256,0.6398579,2.2628567
132051,84,606170.0,2.3564906,1.3893052,-0.17618048,-0.76396114,-1.2762619,0.15941186,1.1586673
132052,85,360790.0,1.6163602,-0.7610974,-0.43939564,-1.8204874,-1.5256715,-0.09042028,1.471803
132053,86,297320.0,1.2293067,0.3601122,0.5516708,-0.68220603,-1.1430335,-0.013548995,2.5457234
132061,90,72100.0,2.2952907,2.714016,-0.13296047,-1.6308916,-1.4274114,-0.6861732,2.0898936
132071,91,88610.0,1.9380031,1.8453668,-0.922745,-1.2329701,-1.6158478,0.04410447,-0.025288155
132072,91,1.04894e+06,0.6120448,-0.23469152,0.27139485,-0.92536795,-1.1565121,1.101086,1.186646
132081,93,213200.0,0.9735504,-0.9300564,1.2277756,0.028529037,-0.6907125,0.15941186,1.2773997
132082,94,183600.0,0.34128737,-0.59007174,1.8422152,-0.85592055,-0.9401661,-0.8591341,1.3116374
151011,100,82260.0,1.966217,0.018249052,0.13203625,-0.891599,-0.36876044,0.40924355,0.970733
151021,101,1.17982e+06,1.501438,-0.8843219,1.8000686,-0.698382,-0.84917784,-0.9552232,2.3344703
151031,102,1.42431e+06,1.966756,-0.26718223,0.52081853,-0.6310232,-0.9513058,-1.0128766,2.2313075
151032,102,998920.0,1.6886158,0.3955087,-0.28028923,-0.5658561,-0.7666747,-0.5516485,0.86357504
151041,104,1.53989e+06,0.9907757,-0.102831006,0.068085805,-0.18259251,-0.15264018,-0.37868807,-1.1231856
151051,100,1.40302e+06,1.6530124,1.1970023,0.783678,-0.20615567,-0.5191372,-0.6285198,0.3429622
151061,106,325560.0,1.3094927,-0.41916612,0.22590998,-0.04204126,-0.6242728,-0.6093019,1.2646179
151071,110,869510.0,1.6419204,-0.10054034,0.6869657,-0.6218354,-0.5269997,-0.5612571,0.095114775
151081,111,604950.0,0.9711542,-0.59182066,-0.03149908,-1.3707774,-0.2703048,-0.10963811,0.07069763
151099,100,479720.0,1.5413592,0.35061985,0.31551787,-0.48907313,-0.66805714,-0.9840497,1.0526589
152011,120,50420.0,2.5875728,1.1794149,-0.16138895,-1.7102302,-1.7159923,-0.9552232,2.4965663
152021,124,8930.0,2.0937536,-0.5316688,-1.2887462,-1.8313385,-1.6506226,-1.820026,3.0387719
152031,122,167450.0,2.198542,-0.19447465,-1.3959175,-1.582751,-1.7941209,-0.6093019,2.8937073
152041,124,57410.0,1.7742096,-0.2921533,0.5679236,-0.5278459,-0.56441146,0.005668827,2.0018697
152091,124,3720.0,1.2597978,-3.2351644,-0.70166206,-1.3328329,-0.9625239,-4.45287,2.2936885
171011,130,304580.0,1.8559564,1.5597612,-0.34560353,-0.52724034,-0.079317614,-0.43634152,0.40737066
171012,130,64240.0,1.9339756,1.4712968,-0.5567334,-1.278789,-0.78933626,0.35159007,0.3791924
171021,131,34150.0,1.0807396,-0.39637542,1.4579223,0.2272664,0.4485358,-1.33958,1.097349
171022,131,167710.0,1.5902255,1.7614439,1.9421165,0.14695483,1.3430122,-0.37868807,-1.3845074
172011,132,253330.0,1.5681322,-0.32241473,-0.024515266,-0.79793,-1.2318798,0.88968956,0.232562
172021,153,8700.0,2.237971,0.82984924,-0.5485527,-0.6896609,-0.5948561,-0.12885593,-0.5515604
172031,153,41090.0,1.302986,0.835523,-0.10257502,-0.8144706,0.13905627,-0.12885593,-1.810961
172041,135,85390.0,1.9456058,1.0963824,-1.2020482,-1.1767551,-1.3907479,-0.43634152,0.6381109
172051,136,713760.0,1.377565,1.0319601,-0.32617953,-0.908671,-0.87490255,-0.37868807,0.75370276
172061,140,232390.0,0.4517962,-0.38965368,-1.2623268,-0.9978127,-1.0509065,-0.76304454,0.3967411
172071,141,441390.0,1.4382949,-0.60808504,-0.1337414,-0.8659913,-0.7385453,-0.8399158,-0.041196305
172072,141,395800.0,-0.18948156,-1.8642524,-1.0896288,-0.7045927,-0.76437813,-0.93600535,-0.36793405
172081,142,152720.0,1.80916,0.19493014,0.33904374,-0.91103166,-0.08811117,-0.37868807,0.41209728
172111,143,74720.0,1.4658837,0.9492701,-1.1197697,-1.4326234,-1.2349838,-0.3914995,0.5376575
172112,143,594190.0,1.068248,0.5177753,0.5943682,-0.45659417,-0.6417902,-1.2242727,0.7332214
172121,144,20980.0,1.6408583,-0.17606029,-0.7027238,-1.0776467,-0.55026025,-1.3203619,0.63570505
172131,145,64090.0,1.5567954,-0.12316979,-0.7883143,-1.0960652,-0.943319,-0.37868807,0.23989092
172141,146,660580.0,1.2246081,-0.15685982,-0.364612,-0.48461196,-0.8550931,-0.99365884,0.829232
172151,152,19640.0,1.4639271,0.7569001,-0.40865386,-0.8647303,-0.75328726,-0.26338068,0.8996291
172161,151,43460.0,1.0628173,0.10853,0.4925172,-1.1265258,-1.5745262,1.6968385,0.94571227
172171,152,45980.0,1.2764634,-1.1023239,-1.5583403,-1.0070962,-1.092172,-0.91678756,2.0805748
172199,153,478510.0,1.7018389,0.47660798,-0.49904788,-0.63571644,-0.67829573,,0.0768942
173011,154,319610.0,0.95135516,-0.5042175,1.7871515,0.048755433,-0.21326643,-0.63812846,0.84923434
173012,154,95060.0,0.5313308,-1.1790078,0.4067121,-0.3307718,-0.6767506,-0.75343585,1.6045957
173013,154,221860.0,0.51184386,-1.5972486,1.608329,-0.44119245,-0.31956345,-0.93600535,1.6820765
173021,155,26100.0,1.3758706,-0.055986322,-0.014139881,-0.12493144,-0.030950243,-0.1865094,-1.2147281
173022,155,265150.0,1.2710017,-0.27206287,1.6031216,-0.6107131,-0.122675866,-1.301144,0.43490636
173023,155,494650.0,0.45308897,-0.41160753,0.33972472,-0.14018758,-0.024791503,-0.76304454,-1.1046507
173024,155,46170.0,-1.1552217,-0.82121176,0.8886772,1.0589402,0.50972617,-1.1281836,-0.91555226
173025,155,62470.0,0.9212547,-0.8517423,-0.9515063,-0.8128971,0.33062667,-1.935333,-0.89976287
173026,155,221880.0,0.8889656,-0.047505107,-0.3966176,-0.36621884,-0.8853294,-0.3979059,1.118443
173027,155,139470.0,0.79852855,0.08225834,-0.34390378,0.32894966,0.7565216,-1.6278474,-1.07101
173029,155,234700.0,1.0870801,0.34850377,0.5489617,0.49149987,0.122133866,,-0.45874134
173031,156,207260.0,0.8145344,0.036625665,1.3254128,0.54531336,0.6632061,-1.272317,0.07667739
191011,160,11140.0,2.1870005,0.9899716,-0.66394114,-1.1376079,-1.0638529,-0.12885593,0.62152565
191012,160,26250.0,1.3608998,-0.19417086,0.14209928,-1.1087248,-0.5765435,0.06332229,1.6777263
191013,160,31090.0,2.2619753,0.8566567,-0.9366591,-1.0534551,-0.071600914,-0.93600535,0.14204226
191021,161,55860.0,2.3503878,0.026690751,0.90165013,0.21368138,-0.15467823,-1.0897479,-0.03153884
191022,161,45590.0,2.329384,1.4735601,0.5532311,-0.04774104,-0.17803057,-0.6093019,-0.16687548
191023,161,52270.0,0.9728671,-0.33770072,-1.7380037,-0.6828037,0.560395,-0.12885593,0.21686865
191031,164,48110.0,1.588565,0.6326554,-0.8507438,-0.69960934,0.613718,0.78078854,-0.54234457
191032,164,32020.0,0.8514358,-0.27356213,-1.7324313,-0.6975892,0.54548895,0.04410447,0.32044408
191041,165,11710.0,2.5629566,1.1510677,-0.44876996,-1.5627728,-1.4808694,0.8320361,1.6595132
191042,165,239320.0,1.5574199,0.11473304,-1.2836633,-0.9456246,-0.5839608,0.8704717,-0.30885106
192011,170,3920.0,2.6224792,0.05524114,-0.9849789,-0.9583275,-1.3434534,-2.2812538,1.5085399
192012,170,44560.0,2.533524,-0.033545982,-1.1113054,-1.0445567,-1.2773883,-0.7438267,0.9751342
192021,171,24050.0,1.0009428,-0.40933138,0.92003936,-0.41560316,-1.2317871,-0.45555937,0.76776654
192031,172,236900.0,1.2098285,0.019571543,0.60095894,-0.18725193,-0.26065534,0.1978475,-0.5361923
192032,172,27010.0,1.557133,-1.1061637,-0.6954898,-0.7190547,-0.95048916,-0.09042028,0.90426505
192041,174,229790.0,0.8640824,0.22462669,-0.09258464,-1.2031993,-0.041709647,-0.37868807,0.14263603
192042,174,87800.0,2.0792458,-0.102248296,-1.2614434,-0.9361204,-1.0159427,-0.37868807,0.6856157
192043,174,23770.0,1.9793249,0.79464686,-1.0466057,-1.3669235,-1.1189355,-1.4356692,0.41056708
192099,176,68480.0,1.8793561,0.015863767,-0.05923412,-1.0509955,-0.6678565,,1.7828171
193011,180,38180.0,2.133822,-0.18152794,-0.6661878,-1.7561752,-1.5838467,-0.10963811,2.3795726
193021,181,630040.0,2.5551925,0.8805224,-0.70479184,-1.0883834,-1.4485651,-0.24416286,2.267257
193022,181,67930.0,1.7170556,-0.09582163,-1.1879605,-1.3117113,-0.96355957,0.8128182,2.6312814
193031,182,291270.0,1.7757275,1.433231,-1.6486715,-1.6169362,-1.5179638,2.5744538,-0.051198218
193032,182,3450.0,2.3073685,1.5896227,-0.77641743,-1.4130801,-1.3593173,0.31315443,1.6849341
193041,186,10620.0,2.5024529,0.68130946,-1.4223592,-1.5050745,-1.6971582,0.96656084,2.4018362
193051,184,99330.0,1.246749,0.009282361,-1.5644042,-1.3303136,-1.0396786,0.90890735,1.880803
193091,186,15000.0,2.3172905,1.0758494,-0.7045452,-1.0775807,-0.5957005,1.0530417,1.1208904
193092,186,2780.0,2.4802835,0.54076797,-1.1659802,-1.5356035,-1.3994591,-0.12885593,1.6297151
193093,186,9540.0,1.3560189,-0.13434735,0.7077694,-1.0503032,-0.83449894,0.3708079,1.2930996
193094,186,12920.0,2.4554062,0.43803635,-1.72587,-1.6389267,-1.6993083,0.62064004,2.4314587
194011,190,57840.0,0.295038,-0.6972041,1.097386,0.2879427,0.2320784,-1.4356687,-0.08480188
194021,191,207780.0,0.9136883,-1.3607286,0.56051767,0.2493578,-0.09777952,-1.2242727,0.52788794
194031,192,184140.0,1.2009498,-0.30672005,0.8858147,0.92617154,0.08448229,-1.3203619,-0.3886198
194041,193,35470.0,0.8495955,-0.50471705,0.13181338,0.22780576,0.048740227,-0.20572722,-0.4713966
194051,196,18370.0,-0.021184165,0.07739573,1.8946458,-0.40729415,0.33165196,-1.1762284,-0.548764
194061,196,48230.0,1.4985068,0.01278152,-0.23672684,-1.1932623,-1.3032899,-0.253772,1.1624388
194091,196,101200.0,1.2746553,-0.5652361,-0.21745415,0.6883526,0.7587528,-0.37868807,-1.5991069
194092,196,35370.0,0.72524893,-0.2515078,0.7411205,-0.2534322,0.79779994,-1.4933226,-0.6756381
194093,196,87420.0,0.06399865,-0.4131844,-0.7003116,-0.66040295,0.80877525,-1.0128766,0.117664
194099,196,181800.0,1.5733218,0.11915414,-0.5075088,-0.37895074,0.5332828,,-0.5813409
211011,200,224980.0,1.0704339,1.280797,-0.7470147,-1.4843298,-1.2288736,2.388681,0.014437768
211012,200,673140.0,1.0684279,1.729927,-1.213325,-1.5293272,-1.5196656,2.5232062,0.39108178
211013,200,63170.0,1.5461046,1.1763211,-2.7153366,-2.029588,-1.7928718,2.7730384,0.30017117
211014,200,275020.0,1.6221616,1.8931323,-0.801336,-1.7110833,-1.575751,2.7346017,0.05879514
211015,200,362500.0,-0.91439164,0.979728,0.6612092,-1.153565,-1.1517793,1.850582,0.89942104
211021,201,784350.0,0.9713453,1.2232972,-0.7150325,-1.4984543,-1.4478449,1.3317003,-0.2538527
211022,201,349030.0,1.3841115,1.4638021,-2.1390183,-1.6222259,-1.3519051,1.543096,0.010743302
211023,201,353650.0,0.9203376,1.0024493,-0.69323575,-0.9413091,-1.1561916,2.7153845,0.16403231
211091,202,171160.0,1.5931481,2.0980446,-0.93379873,-1.5148753,0.123805,1.6007499,-0.5664406
211092,202,274370.0,0.34280923,1.0415878,0.21228792,-1.5493982,-0.39969712,2.6577306,0.08295165
211093,202,948210.0,0.8097186,0.9985584,-1.1973631,-1.420918,-0.25427243,0.8320361,-0.19778398
212011,204,115370.0,2.2881904,3.197354,-2.220908,-1.7903644,-0.430289,2.3118098,-1.1177113
212021,205,43140.0,0.019995112,1.6124437,-2.5856287,-1.6264156,-1.3779038,1.101086,0.5268634
231011,210,1.63267e+06,2.0792608,0.45102695,-0.121159784,-1.4763439,-1.5817087,1.1395217,1.2734601
231021,211,43920.0,1.5500666,0.08846563,0.38621417,-0.8142149,-1.5041457,1.3317003,1.8885298
231022,211,22700.0,1.5017357,0.3116927,-1.5385429,-1.707081,-1.4253577,1.9274533,1.6761658
231023,211,76700.0,1.1595548,0.14444923,-0.7178144,-2.0549917,-1.8372089,1.6968385,1.3426597
232011,214,688400.0,0.5486958,-0.7234561,0.1861168,-0.96399814,-1.5183561,-0.8014802,1.398197
232091,215,54190.0,-1.1458149,-1.789171,1.7844124,1.7195143,-0.17230028,-1.4164513,0.5645047
232092,215,103670.0,0.7484203,-0.033653487,0.59211457,-1.2713262,-1.513599,0.6590757,1.6323097
232093,215,190190.0,-0.10089853,-0.60453117,0.7306553,-0.2866327,-1.5933005,0.4476792,1.3728886
251011,220,202510.0,2.0808158,1.2621012,-2.022472,-1.4340451,-1.4972265,1.0242143,1.4393584
251021,220,108990.0,1.9124992,1.376127,-1.4534539,-0.98971546,-0.81104,0.5822039,-0.2529981
251022,220,133790.0,1.4308355,0.9314936,-0.49360582,-1.3548939,-1.4080358,0.6398579,0.9733635
251031,220,18000.0,2.0065517,1.3094286,-2.3074405,-1.4899843,-1.2570223,0.9281252,0.8916051
251032,220,98810.0,2.2710998,1.4602895,-1.5253192,-1.0357096,-1.4123722,0.8512539,0.3766591
251041,220,32280.0,2.2398164,1.5783628,-1.7114378,-0.8690358,-1.1319591,0.79360044,0.08499217
251042,220,164050.0,2.1126864,0.9964386,-1.3562515,-1.0485607,-0.8673405,0.7743826,0.684054
251043,220,8260.0,2.653268,1.2081057,-1.6775364,-1.1750351,-1.3094637,0.3900257,0.79293036
251051,220,26510.0,2.6045156,0.9773665,-1.1389744,-0.91285056,-1.3352296,-0.2825985,0.92723054
251052,220,58880.0,2.1138637,1.2256478,-1.8266795,-1.1294118,-1.0785886,0.23628314,-0.6047143
251053,220,13120.0,2.7327795,1.478222,-1.6830076,-1.0736703,-1.3059679,0.6782935,0.46432817
251054,220,38180.0,1.6363735,0.96702224,-1.1112713,-1.0943655,-1.5071608,0.024886647,0.41497272
251061,220,15650.0,2.8253326,1.2029326,-2.4650135,-1.1967807,-1.5011548,1.7160568,0.8498959
251062,220,22600.0,2.6557662,1.0431203,-1.5667754,-1.088944,-1.4623551,2.1580672,0.69615066
251063,220,37840.0,2.2461867,0.40665174,-1.8506379,-1.6308855,-1.5489272,0.947343,1.7162471
251064,220,12370.0,2.0068052,0.6375962,-1.8783591,-1.0723003,-1.2950586,1.1587396,0.99347514
251065,220,41720.0,2.3760784,1.0968946,-2.7180724,-1.7602661,-1.6950079,1.1203039,1.4391665
251066,220,90520.0,2.2762053,1.2873027,-1.8707075,-1.5263754,-1.5799668,2.1580672,1.0145808
251067,220,47220.0,2.219418,1.4542245,-2.0503914,-1.6969012,-1.5881591,2.2541559,1.0220276
251071,220,339120.0,2.053306,1.9093541,-1.998161,-1.2164192,-1.4382466,0.33237225,-0.1832846
251072,220,119030.0,2.116148,2.3223238,-0.82565534,-1.0028077,-0.9397263,1.965889,-0.28288758
251081,220,159210.0,2.1269338,2.2894397,-2.1322517,-1.2707,-1.0402459,1.7929281,0.5986014
251082,220,11870.0,2.3866668,1.1310918,-1.7749488,-0.8654329,-1.3541849,1.5623143,1.3319702
251111,220,31420.0,2.7675035,1.3495048,-2.2154484,-1.6215544,-1.6441963,1.5046602,1.1017544
251112,220,38040.0,2.307533,1.2050519,-2.0331955,-1.3994688,-1.5971802,0.96656084,1.6643624
251113,220,22810.0,2.1293879,1.8878917,-2.6399505,-1.6437243,-1.5386449,2.7922556,1.1414458
251121,220,215250.0,1.572855,2.1231658,-1.5919217,-0.9012433,-0.8423622,1.2932643,0.68194616
251122,220,69570.0,2.0409424,1.945003,-2.26072,-1.2426327,-1.4507153,1.9851063,0.5585034
251123,220,178940.0,2.3346283,1.6767524,-1.6840421,-1.3021394,-1.4907881,2.1580672,0.7329359
251124,220,73610.0,1.8478262,1.6249373,-1.8005708,-1.5326558,-1.50632,1.427789,0.8595879
251125,220,62260.0,2.0433118,0.67075896,-1.7968122,-1.6724572,-1.64201,1.7544924,1.5088181
251126,220,54320.0,2.3415675,1.933973,-2.1628478,-1.5307485,-1.5159185,1.4470073,1.1188264
251191,220,350590.0,1.1376189,-0.57995033,-0.2792943,-1.073862,-0.9222015,0.21706532,1.4721904
251192,220,13110.0,1.9618787,1.9161183,-2.620501,-1.1486794,-1.452445,1.6968385,-0.08948871
251193,220,51140.0,1.0589358,1.8727741,-1.8369498,-1.1952071,-1.3085507,1.3317003,0.32089037
251194,220,327640.0,0.7577246,1.155632,-0.5246674,-0.6450488,-0.36459988,1.4662247,-0.6018913
252011,230,1.09122e+06,0.2533065,0.91416353,-2.026279,-0.89730275,-0.7701023,0.7551648,-0.33945763
252012,230,507950.0,1.365605,1.730361,-1.468435,-1.511629,-1.4297186,1.5046602,0.27680993
252021,231,4.53386e+06,1.3576131,1.7551895,-0.5224105,-1.377579,-1.5952234,1.5046602,0.0074195857
252022,231,1.9426e+06,1.5745021,2.122279,-0.96491104,-1.1996315,-1.3770081,1.965889,-0.15850939
252023,231,46380.0,0.87197775,1.4251786,-1.3331685,-0.3868461,-0.66063476,1.5815316,-0.43121493
252031,232,3.10539e+06,1.2278097,1.3975266,-0.95380276,-1.1727568,-1.0534941,2.4655523,-0.26709408
252032,232,289190.0,1.125358,2.367129,-0.89813244,-0.36129797,-0.28616458,1.7737098,-1.4048686
252041,233,650920.0,1.2432202,1.580116,-2.1890733,-1.3328701,-1.3291872,1.9466707,0.6386928
252042,233,305060.0,1.6826096,1.9590181,-1.2345597,-1.3843826,-1.3580891,1.5623143,-0.12240922
252043,233,414490.0,1.6864746,2.146897,-1.3421694,-1.2748444,-1.395688,2.023542,0.13241388
253011,234,210050.0,0.9212584,1.3923777,-1.9069016,-1.4629674,-1.4541627,1.3893534,0.28935426
253021,234,448310.0,0.3864185,1.552259,-1.9383221,-0.7673969,-0.62482536,1.4470073,0.44486842
254011,240,16290.0,0.6226099,0.5793093,-1.094166,-1.664088,-1.2556728,-2.262036,0.9167827
254012,240,28430.0,1.0308352,0.7758742,-2.1867456,-1.65129,-0.2728238,1.0242143,-0.297182
254013,240,29130.0,0.10259108,-0.5868705,-1.3821832,-0.7382176,-0.16280536,-1.1089658,0.35987625
254021,243,444150.0,1.1501036,0.32455057,-1.3634064,-0.7400917,-0.7969028,1.4085716,0.086256854
254031,244,343860.0,-0.3957812,-1.3153493,0.0074547743,-0.34860712,-0.56789345,0.6014222,0.5841557
259011,255,19960.0,1.2871163,1.2111253,-1.4955659,-0.3765471,-0.23305656,-0.8975697,-1.6230855
259021,255,37060.0,1.7762225,1.8432003,-2.1719005,-1.2352132,-0.13441196,1.1395217,0.25411308
259031,255,348450.0,1.8346676,2.259793,-1.8697009,-1.567185,-0.83721393,1.7737098,-0.3716087
259041,254,3.75804e+06,-0.011633019,0.24430224,-1.088446,-1.2955333,-1.4960984,0.79360044,0.6739893
271011,260,92670.0,1.4863166,0.6371106,-0.5115232,-0.18661904,-0.59984046,0.33237225,1.0210739
271012,260,14560.0,-0.076553464,-0.8206431,-0.30739874,0.66112155,0.8427717,-0.8975697,0.6467408
271013,260,32150.0,0.21032996,-1.7202029,-1.8616216,-0.2829148,0.40248582,0.12097622,1.8400924
271014,260,79490.0,1.3127118,0.36553827,0.91257507,0.2537992,0.018226314,-1.1474015,1.7255988
271021,263,99990.0,1.4612349,-0.094286814,0.4432851,-0.27375033,-0.49478176,-1.5701939,0.90307564
271022,263,45110.0,1.4377296,2.2033472,-1.8368887,-0.57513154,-0.10710275,0.7551648,0.56295055
271023,263,184770.0,-0.2806706,-0.66537666,-1.8403716,0.017982544,0.9748049,1.1395217,-0.49784464
271024,263,570490.0,1.4969739,0.028718632,-0.06556461,-0.31238046,-0.4833209,-0.6093019,1.3323846
271025,263,155080.0,1.2294008,1.1612446,-0.4455936,-1.6053908,-1.1725764,0.5245505,0.45877805
271026,263,195560.0,-0.259847,-1.3941594,-1.2911762,-0.5276727,0.3749725,0.12097622,0.66833526
271027,263,25320.0,1.3657179,1.3335146,-0.4506989,-0.5742483,0.5470363,1.1395217,-0.042304166
272011,270,156330.0,0.97716093,0.38650203,-1.2179309,-1.6177167,-1.0124667,2.2349384,0.8413412
272012,271,195300.0,1.5221974,1.8662469,-0.4911841,-0.46176898,-0.6567414,0.53223795,0.04875706
272021,272,37400.0,-0.51230574,1.28636,-0.14456975,-0.23755473,0.3014586,-0.071202464,0.069242485
272022,272,465200.0,1.1333497,3.3994827,-1.5038205,-1.0445689,-0.10572066,1.7544924,-0.5796289
272023,272,40220.0,-0.6572631,0.5227105,0.7739224,-0.97694016,-0.77947545,-0.12885593,2.3313508
272031,274,44780.0,1.2577544,0.9929159,1.3539152,0.2714852,0.009688835,1.1587396,1.3964998
272032,274,47740.0,1.188002,3.0061216,0.08300433,-0.23722932,-0.78025484,1.0049964,0.20064184
272041,275,27190.0,0.60806847,1.15685,-0.7422251,-0.23485672,-0.57130253,1.485443,1.0358473
272042,275,144530.0,-0.16433935,-0.31932324,1.3280818,-0.41200054,-0.38185614,0.26510966,0.6753325
273011,280,120610.0,1.8979204,0.15490313,-0.42018867,0.36244732,-0.6244424,1.6007499,0.43159232
273012,280,24940.0,0.46915016,-0.057979297,-1.300838,0.35529307,0.46351352,2.196503,-1.5523677
273021,281,20000.0,2.2309809,0.7511947,1.4358231,-0.17938492,-0.6941482,1.8890177,0.8861436
273022,281,157600.0,2.2143195,-0.5098682,0.17928389,-0.9642804,-0.95179904,1.0434321,0.9392776
273031,282,626870.0,0.9684952,0.25038594,-1.5245187,-1.4118854,-1.6571214,1.4662247,1.555665
273041,283,302360.0,1.7110616,0.6163521,1.1646398,-0.27536938,-0.7523723,0.15941186,1.6991683
273042,284,138320.0,0.6575243,-1.2509091,0.8187711,-0.22139534,-0.6159068,0.23628314,1.2726443
273043,285,130590.0,1.7648981,0.16849792,-1.0007316,-0.75629324,-0.93815863,0.56298655,1.8093349
273091,286,93830.0,1.6110535,-0.39637107,1.2436457,-0.70194757,-1.2926943,1.0434321,2.4658096
274011,290,121110.0,1.1147991,0.3848566,-0.7961787,0.5478035,0.6745942,-0.6093019,-2.360288
274012,290,97050.0,0.15088487,0.05781392,1.0066884,1.028259,0.28357825,-1.2050549,-0.6979048
274013,290,3520.0,-0.048219416,-0.70110023,1.6994852,0.05593519,0.100174285,-0.7438267,1.3612995
274014,290,42250.0,1.1972958,0.13420244,0.4387542,1.2724385,0.2788562,1.370136,-1.4387071
274021,291,180930.0,0.29953143,0.14937332,1.3199457,1.0439365,-0.10454367,-0.64773756,0.4235243
274031,292,64750.0,0.79420793,-0.22732908,-0.31113037,0.67023236,1.3492423,0.101757936,-1.5170771
274032,292,49990.0,0.62684864,-0.91985905,-0.3513455,1.1921748,0.2033097,-0.24416286,-0.09099364
291011,300,76950.0,1.1424675,1.1905321,0.8465426,-0.33262488,-0.17228797,0.35159007,-1.9619046
291021,301,257640.0,1.3660818,1.8416481,0.4135533,1.3149638,1.1434559,0.8704717,-1.9885223
291022,301,15480.0,1.4379836,1.1720093,-0.35934862,0.3443245,0.6690127,1.0049964,-1.9352732
291023,301,15370.0,0.30940935,1.3125925,-0.2494411,0.062093787,0.42562068,2.1580672,-1.3394481
291024,301,1420.0,0.82820654,0.8661749,0.5602518,-0.005161957,0.2587292,1.1587396,-1.634774
291031,303,152880.0,1.4369936,1.5133141,-0.77198124,-1.3942326,-1.2151836,0.62064004,-0.40977892
291041,304,72840.0,0.94024175,0.592958,0.2809637,-0.2298327,-0.14386685,-0.12885593,-1.002441
291051,305,722770.0,1.7369882,1.1586537,1.4535712,0.23678268,-0.25666523,0.08254011,-1.3656487
291061,306,88890.0,1.3827804,0.709407,0.016824352,-0.035969324,0.016970498,0.6014222,-1.9389023
291062,306,334800.0,1.2678676,0.9296853,-0.27297628,-1.1681902,-0.57620066,1.6007499,-0.754091
291063,306,143170.0,1.9223288,1.1113886,0.08480192,-1.02664,-0.81320196,1.2740464,-0.97913426
291064,306,65770.0,1.6460891,0.2813801,-0.9671298,-0.69560957,0.060640823,1.4085716,-0.37236977
291065,306,84220.0,1.546638,1.102272,-0.19073626,-1.8204792,-0.5787594,2.2925923,0.026138926
291066,306,69970.0,1.4339718,1.6508952,-0.7693112,-1.9249439,-1.670455,2.503988,0.43999615
291067,306,155090.0,1.6099199,0.8268535,-0.109087065,-0.40677702,0.3150908,1.427789,-1.4626029
291071,311,193470.0,1.2824163,0.55705196,-0.43550408,-1.1879689,-0.5729957,1.0818682,-0.8772202
291081,312,26630.0,1.9414068,1.93785,-0.37913448,0.0078787925,0.356291,1.5815316,-1.6520431
291111,313,7.25356e+06,1.1919913,1.6938344,0.7279801,0.011066085,0.058391806,1.7929281,-1.8167093
291121,314,32600.0,1.2157409,0.1096533,-0.27244377,-0.3475011,-0.071578346,1.7352742,-2.5654206
291122,315,267920.0,2.3137894,1.9387956,-2.6867647,-1.1387428,-0.09507887,1.0818682,-1.2333336
291123,316,469230.0,1.2572453,1.4131603,-1.4686387,-0.8832467,-0.21280318,0.8320361,-1.3993471
291124,320,43030.0,1.0121685,0.2279077,2.1155102,1.8755734,1.025965,0.12097622,-2.4256985
291125,321,70630.0,1.04439,1.3460082,-2.3986073,-1.5251313,-0.117838085,1.0818682,-1.0790173
291126,322,295830.0,1.0525919,0.95718193,0.7395714,0.54557467,0.61306185,-0.6093019,-2.7131531
291127,323,297160.0,2.2287698,1.0198014,-1.1021851,-1.415585,-1.2155159,1.1587396,-0.48357943
291131,325,148410.0,1.4249206,0.3293575,-0.6668588,-1.0187161,0.082223065,0.56298614,-0.55461425
291199,326,155500.0,1.3832711,0.64608246,-0.11823315,-0.7430905,-0.3991913,,-1.2910751
292011,330,479280.0,0.43523094,-0.6079977,1.7137581,1.197446,-0.032297313,-1.0897479,-1.3089575
292012,330,432930.0,0.7314843,-0.3993641,1.7019516,1.8998243,0.064088315,-0.10963811,-1.5267744
292021,331,496120.0,0.31494802,-0.7660449,1.2860686,1.0685104,0.38989615,1.0818682,-0.6425945
292031,332,134410.0,0.96151316,1.1598734,1.340358,0.9535343,0.19523507,0.35159007,-2.4872003
292032,332,134700.0,0.3970485,-0.2123112,2.2191536,1.2331511,0.55211943,0.5822039,-1.9805912
292033,332,57960.0,0.47160116,-0.07764752,0.69120383,0.5689068,0.04850764,-0.12885593,-2.3686152
292034,332,575130.0,-0.1959194,-0.63430077,0.68088716,1.2810425,0.40772265,0.12097622,-1.9223831
292041,340,594270.0,0.8131736,0.46861443,0.43711072,-0.025537888,1.4536996,0.5822039,-2.077178
292051,341,72770.0,-0.51728934,-0.30641624,-0.4600529,0.35855627,-0.5224664,-0.37868807,0.24079318
292052,341,851190.0,0.21900225,-0.37735674,1.4997599,0.15535316,-0.06211252,-0.5708663,-0.4283846
292053,341,181670.0,0.2005175,1.4605372,0.18945752,-1.4086515,0.11380568,1.7737098,0.09105245
292054,341,58380.0,0.6289224,0.66353035,0.4809794,0.6866942,-0.210788,1.3317003,-2.6177201
292055,341,254010.0,0.26058766,0.95876116,0.96594995,0.4849477,0.58739215,-0.37868807,-1.9672271
292056,341,206800.0,0.22139305,0.4045312,1.1131862,-0.015298599,0.11466033,0.42846137,-2.9043787
292061,350,2.14964e+06,0.82162756,0.90517914,1.1019063,0.14190836,-0.059185144,0.5822039,-1.958961
292071,351,490740.0,-0.13830817,-0.015483554,0.76831967,-0.30786738,-0.32525527,-0.8399158,0.64434415
292081,352,197700.0,0.3633109,0.44496968,0.6795921,-0.09165469,-0.06797692,0.31315443,-1.04746
292091,353,16080.0,1.0023462,1.0072051,-1.4006356,-0.443018,0.13871324,1.2356108,-1.218239
292099,353,217050.0,1.4665794,1.493581,-0.3162054,-1.3320051,-0.28657633,,-1.2705915
299011,354,124140.0,1.1808407,1.3289019,-1.089649,-1.3711172,-1.0167179,0.06332229,-0.019193023
299012,354,29790.0,0.86684746,1.250067,-0.6937521,-1.0500419,-0.18808597,0.5437683,-0.51563925
299091,354,45520.0,1.5639036,2.3314526,-0.7274953,-0.5410024,-0.33273587,1.8697994,-1.4196465
311011,360,2.24934e+06,-0.17618993,-0.27083144,0.07900746,-0.61821926,0.3818884,-0.24416286,-0.26433372
311012,360,4.15835e+06,-0.027527686,0.54627424,0.41380525,0.6054835,0.27610123,0.5822039,-1.2888173
311013,360,171460.0,-1.1196727,0.11536977,-0.6303415,-1.6165634,-0.56512743,2.6000776,0.38481396
312011,361,70990.0,0.47729242,0.39247692,0.5862584,-0.68167263,0.8271254,1.6199672,-0.9406824
312012,361,21640.0,0.10573078,-0.08768653,0.038057137,-0.40407628,-0.23758782,0.5822039,-0.22100109
312021,362,177140.0,0.78213155,0.113546655,-1.8486259,-0.78521883,-0.6079582,0.5822039,-1.3285518
312022,362,130800.0,-0.13580348,0.39102402,-0.23516172,0.2531604,-0.13666342,0.35159007,-1.3094151
319011,363,125510.0,-0.13326238,0.051995013,-0.61090136,-0.7466976,0.38394043,-0.24416286,-1.3738419
319091,364,831440.0,-0.09239435,-0.42641976,0.5875151,0.7819147,0.22585426,1.370136,-1.6339746
319092,365,1.22683e+06,0.27578655,0.15792105,0.7147357,-0.10254689,-0.64436823,0.8320361,-1.357102
319093,365,128320.0,-0.30494833,-0.84976935,0.74117786,1.5777911,0.08536222,-0.26338068,-0.8545281
319094,365,264160.0,-0.93751854,-1.1505091,3.0338426,1.1501791,-0.3153298,-2.5887394,2.0469146
319095,365,144050.0,-0.7793319,0.07946601,1.6904186,0.032286204,-0.17689705,0.466897,0.18810655
319096,365,211390.0,-0.25264958,-0.56222713,0.60267353,0.31652105,-0.18853056,-0.20572722,-0.719637
331011,370,115930.0,0.87656975,2.4455798,1.2851036,-0.78213716,0.34849095,1.7352742,-0.73745394
331012,371,272000.0,1.1308634,1.9298514,-0.19589943,-0.59415025,0.7773547,0.8320361,-0.9252639
331021,372,156460.0,0.78605217,1.2094245,-0.5074886,0.13472764,1.4043305,0.5918131,-1.5568494
332011,374,855520.0,0.40439206,1.3221059,-0.3064496,0.33820668,1.7801285,0.7743822,-1.8820782
332021,375,39160.0,1.319938,0.66535956,-0.44990188,-0.23830399,0.7621692,0.947343,-1.4621694
332022,375,5030.0,1.5662576,0.1951226,-1.5222702,-0.93933797,0.055916164,-1.4356692,-0.50754637
333011,380,53880.0,-0.9121029,-0.7859417,0.60363275,-1.4997479,-1.113584,0.6975113,-0.4419161
333012,380,1.26087e+06,0.14622787,0.6969923,2.009369,-0.5815047,0.7852114,1.3124821,-0.8026609
333021,382,288700.0,1.4169047,0.37888503,0.9010135,-0.34302595,0.82846755,1.610359,-0.8470409
333031,384,21320.0,0.06791547,0.36673552,-1.4749068,-1.1377829,1.4491627,1.1395217,-0.4227034
333041,384,30140.0,-1.2150123,-1.9543351,0.17166567,-0.7009627,0.6971204,0.15941186,0.9723359
333051,385,1.87439e+06,1.1912893,0.8887112,0.52776444,-0.1828952,1.3622895,1.2548286,-1.6975778
333052,385,15940.0,0.6337298,0.6506075,1.3658204,-0.6241026,1.0381066,1.6391855,-0.90173495
339011,390,43430.0,0.65697783,-0.37203598,-0.45096058,-1.026152,0.90854794,0.6398579,-1.281201
339021,391,107110.0,0.6775968,-0.60709786,0.55608946,-0.77333957,-0.26226667,1.0242143,0.73572004
339031,392,26230.0,0.04434779,-0.24825452,1.6626248,0.51720685,-0.3562507,0.6590757,-0.90631557
339032,392,3.03061e+06,-0.6992667,-0.27118245,0.84528977,-1.2612513,-0.13114524,-0.8399158,0.10838483
339091,394,204710.0,-1.0581133,-1.0626895,-0.19560184,-0.81154126,0.49918604,-1.33958,0.70714825
339092,395,323910.0,-1.259701,-0.98513895,-0.8910269,-1.1326145,-1.0808539,0.79360044,0.5471
339099,395,303570.0,-0.3301178,0.39464283,2.124044,1.2996163,0.17597315,,-1.3480448
351011,400,320060.0,0.6948401,1.7265383,0.23310898,1.5224044,0.20846492,-0.1865094,0.18691981
351012,401,2.30662e+06,-0.19758959,1.1820124,-0.39330417,0.72141117,0.033997644,0.2747188,-1.2122241
352011,402,1.81872e+06,-1.0857999,-0.8796279,-0.7751859,1.0809438,-0.24038514,-0.16729157,0.881281
352012,402,1.14116e+06,-1.071489,-0.07464023,0.5740314,1.0710523,-0.19778997,-0.43634152,-0.40959844
352013,402,2680.0,-0.4127339,-0.9537082,-2.1376395,0.1008476,0.43677977,0.005668827,1.2426646
352014,402,2.49628e+06,-1.1732402,-0.9847031,-0.65618694,0.7812371,0.84075075,-0.5516485,0.15061128
352015,402,570410.0,-1.8132151,-1.1497381,-0.96899015,0.1688244,0.19634834,-0.91678756,0.99584013
352021,403,2.6253e+06,-0.8674809,-0.24356188,-0.71914136,0.69275886,0.39218605,0.101757936,-0.048339073
353011,404,1.46322e+06,-1.0778085,-0.13413334,-1.6329762,-0.19363102,0.1774706,1.216393,-0.36407614
353021,405,7.36285e+06,-0.90484476,-0.099594034,-0.41576105,0.5289997,0.31495908,-0.45555937,0.03880911
353022,406,1.56717e+06,-1.4966079,-1.3282957,-1.3920501,-0.22974397,-0.16561681,-0.59008414,0.15091649
353031,411,6.94474e+06,-1.067913,-0.5049062,0.03153165,-0.33168536,0.005905939,0.6590757,-0.35819098
353041,412,557980.0,-0.705898,-0.7319679,0.2141939,0.26504973,-0.34245208,0.23628314,0.2646087
359011,413,1.19418e+06,-2.1463342,-1.9044096,-1.28853,0.2526702,0.10659118,-0.3018163,0.5335554
359021,414,1.51094e+06,-1.0750282,-1.4432952,-0.923152,1.9013221,1.1581874,-0.7438267,0.62535644
359031,415,1.01228e+06,-0.87543505,-0.85798144,-1.2005028,-1.0908535,-0.75504434,0.5245505,0.06804782
371011,420,549410.0,-0.7609509,-0.74905,-2.032938,-0.26617444,-0.29849848,0.21706532,0.04182847
371012,421,327720.0,0.45179254,1.4350518,-2.119319,0.53010947,0.9686682,0.40924355,-1.3401816
372011,422,6.34509e+06,-1.731126,-1.3635807,-1.1319586,0.4212638,0.19382545,-0.8014802,-0.34396142
372012,423,2.70975e+06,-2.2707944,-1.1753995,-1.1859236,0.5322605,-0.4454704,-1.6470653,1.2728351
372021,424,188550.0,0.6804578,0.8840453,-0.85245097,-0.42860717,1.498319,0.8512539,-0.7225218
373011,425,2.75375e+06,-0.45113546,-1.0417727,-2.1292946,1.738238,1.2830176,-1.185837,-0.75928414
373012,425,77210.0,0.113143146,-0.6387478,0.09463293,1.5345571,1.435797,-0.071202464,-0.86051613
373013,425,88760.0,0.25898087,0.8420348,0.22593312,1.6252002,2.3235636,-0.9552232,-1.3733587
391011,430,73840.0,0.6324538,2.5041287,0.70665747,-1.0425234,-1.4021266,0.8704717,-0.6050527
391012,430,41830.0,0.04472574,0.5751482,1.3273317,0.5759845,-0.3213717,1.1395217,-2.0985928
391021,432,378060.0,0.34819555,1.0948861,-1.3547986,-0.41173095,0.21998928,1.4470073,-0.7397117
392011,434,27450.0,0.49737158,0.37019622,-3.5481105,-0.14524755,0.5838186,1.5815316,-0.4692178
392021,435,327440.0,-0.33063576,0.2600658,-1.2975221,-0.77966535,0.41603395,0.5437683,-0.9151328
393011,440,251490.0,-0.6886459,-1.1914655,2.5333853,0.19958214,-0.014687661,0.42846137,-0.6807502
393012,440,54440.0,-0.26160544,-0.6173058,3.496136,1.3985258,-0.048556857,-0.26338068,-1.2433091
393021,441,31690.0,-1.2789484,-1.3479778,1.3092145,2.1423724,0.74914545,-1.3203619,-1.01744
393031,442,310560.0,-1.164262,-1.3025937,1.4699721,-0.59649205,-0.10913539,0.3900257,0.1452104
393091,443,713080.0,-1.1600375,0.17099342,-2.2741606,-0.7984079,0.644197,0.33237225,-0.48073485
393092,443,12620.0,-0.9029348,-0.8775092,-0.3926432,-0.8262571,-0.3187889,0.14019403,0.40525404
393093,443,56940.0,-2.5772104,-0.9696145,-2.1716719,-0.5744907,-0.4091041,0.3708079,1.8578173
394011,446,27630.0,0.42719445,-0.059254393,-0.5075034,-0.115186386,0.41994,1.427789,-1.2990501
394021,446,95570.0,-0.43541998,-0.5136003,-0.76880985,-1.3125561,-0.13385122,0.8128182,-0.4835174
395011,450,37240.0,-0.47333542,-0.75364345,-1.5440897,0.5308185,0.3717576,0.1978475,-0.43648952
395012,451,1.02713e+06,0.61181915,-0.33948097,-0.8889474,0.3535674,0.5436893,0.88968956,-1.2549934
395091,452,3720.0,0.5770547,0.7967348,-0.24693471,-0.50060034,0.3003582,0.8704717,0.24509
395092,452,143140.0,-1.3919195,-0.3117442,-1.0700995,-0.08966859,0.15724325,1.1587396,0.3054088
395093,452,46930.0,-0.49219263,-0.32104984,0.7175684,0.5203299,0.13536958,0.8128182,-0.29038873
395094,452,70320.0,0.62574923,0.38572237,-0.801602,0.38614574,-0.11555501,0.7551648,-0.82380396
396011,453,149450.0,-0.063927434,-0.94275963,0.65777767,0.31227985,0.019254867,1.2740464,0.22986335
396012,453,55730.0,0.5331445,0.90768975,-0.07247219,-0.6964354,-0.7503097,1.6391855,-0.19431233
396021,454,90330.0,0.25657526,-0.7529419,-2.119908,-1.8958714,-0.91879636,0.4476792,0.86556834
396022,454,9860.0,-0.5626937,0.81364495,-1.59677,-0.8443032,0.24929859,2.7922556,0.41434917
396031,455,293360.0,-0.70517164,-0.49172068,-0.97675455,0.4088577,-0.18816118,1.9082351,-1.5085145
396032,455,66290.0,-0.70898676,0.2198122,0.6557081,-0.097224325,0.86476696,1.0434321,-1.454699
399011,460,1.70731e+06,-0.46941474,0.31956086,-2.1469035,-1.4229181,-0.05307593,1.1491303,0.18801065
399021,461,1.7405e+06,-1.90637,-1.3384082,-1.811122,-1.5490192,-1.1693578,1.850582,0.6629293
399031,462,615180.0,0.55904436,1.421294,-2.6097422,0.2763646,-0.19822767,0.8512539,-0.8088766
399032,462,816190.0,-0.2242242,1.042401,-2.2886238,-1.2256534,-1.0545081,1.7160568,-0.45858943
399041,464,150590.0,0.28036562,1.7171297,-2.3023205,-1.8201517,-1.531228,1.9274533,0.44925487
411011,470,3.35217e+06,-0.1189806,1.0972694,-0.806334,-0.07361255,-0.037250943,0.33237225,-0.6585997
411012,471,860470.0,1.2874877,2.2030683,-0.9873847,-0.7815335,-1.1448673,1.5046602,1.1222675
412011,472,1.050614e+07,-1.8648498,-0.61539626,1.6229757,1.1456866,0.075123146,-0.013548995,0.47887695
412012,472,79930.0,-0.8144772,-0.466986,1.2595125,-0.09113758,-0.17832528,-0.6285198,-0.18865123
412021,474,1.40403e+06,-1.6345493,-0.81025803,-0.08294026,-0.8480932,-0.3777934,-1.666283,0.53613406
412022,475,700440.0,-0.50873625,-0.76686937,0.66611797,-0.81991446,-0.3265787,0.6014222,0.953791
412031,476,1.314806e+07,0.47035682,0.32269648,-0.2187862,-0.6901387,-0.4872487,0.466897,-0.9214985
413011,480,474970.0,0.67415196,-0.47166356,-0.73780584,-1.6654166,-1.306016,0.6975113,0.612531
413021,481,932770.0,0.1619871,0.010472725,-0.12870367,-1.4213505,-1.5059477,1.0049964,0.94064456
413031,482,780550.0,1.9145312,0.8779481,0.37677705,-0.9847942,-0.9045724,1.1779573,0.8352972
413041,483,261770.0,0.9931086,0.17725658,0.3245559,-0.7194028,-1.1469932,0.4476792,0.13663784
414011,485,1.17349e+06,0.65716887,0.26286167,-1.2492046,-1.6476197,-1.2363944,1.4085716,1.751108
414012,485,4.43172e+06,-0.19856876,-0.7314198,-1.1867079,-1.5191041,-0.59811085,0.6590757,1.276896
419011,490,252150.0,-0.24860877,-1.0890603,-1.6599147,-1.2706566,-0.6775431,1.3124821,1.8660818
419012,490,4960.0,-1.5442492,-2.1489499,-2.1571155,-1.6463115,-1.4980277,-2.3389077,3.3733523
419021,492,137980.0,0.8121282,-0.45320776,-1.0908476,-1.3861479,-0.989186,0.06332229,0.4349985
419022,492,490630.0,0.8416626,0.47031173,-2.1884203,-1.8158219,-0.20489806,0.3900257,0.1238742
419031,493,220880.0,1.9080105,1.4774151,-0.84996325,0.081227735,-0.50245696,2.388681,-0.099196695
419041,494,1.14056e+06,-0.8566504,-1.3752035,0.45420173,-0.2780985,-0.90600795,0.04410447,2.0105436
419091,495,33710.0,-0.97441447,0.75063485,-4.283689,-1.9061087,-1.29765,0.15941186,1.8101498
431011,500,4.08155e+06,0.9586704,2.3380158,0.1941026,-0.67788655,-1.4062648,0.9281252,-0.09841005
432011,501,527240.0,-0.9766583,-1.1326255,0.96031326,0.10704814,-0.28313807,0.3708079,1.4264662
432021,502,79480.0,0.21505249,-0.25397113,4.2298975,0.87118864,-0.5579782,0.7743826,2.2267783
433011,510,1.26394e+06,-0.13629083,-0.5019599,0.7063927,-0.20910837,-0.84343535,0.8320361,1.8721384
433021,511,1.54583e+06,-0.16199882,-1.4205183,1.1254182,-0.5436111,-1.0871248,-0.75023264,1.6730859
433031,512,5.53073e+06,0.08838744,-0.85468173,1.5377917,-0.65856934,-0.76040745,0.3708079,1.7868836
433041,513,53820.0,-0.3355645,0.007864677,2.9141886,1.00357,-0.13485844,-0.032766815,-0.95750946
433051,514,613510.0,-0.5198158,-0.57111424,1.4867033,-0.88646185,-1.4489493,-0.34025198,1.9141521
433061,515,222940.0,-0.15890507,0.30189097,0.35796034,-0.16460346,-0.9302126,-0.24416286,0.99685055
433071,516,1.81033e+06,-0.3353844,-0.5735638,2.1461675,0.3499543,-0.544127,0.8128182,0.37239155
434011,520,213680.0,0.16401927,-0.73141253,1.0959723,-0.41469488,-0.90391743,0.5822039,1.1060816
434021,535,49800.0,-0.11336158,-0.39382228,0.4163689,0.46993813,-1.3817286,0.31315443,1.5518478
434031,522,318240.0,-0.40294713,-0.30907091,0.91493624,-0.5475654,-0.78880113,0.120975755,0.78434205
434041,523,200290.0,0.3246777,0.41703695,0.8676636,-0.570986,-1.330052,-0.21533635,1.5278324
434051,524,6.4089e+06,0.0011378623,0.10928943,1.5013709,-0.2356596,-0.8421621,0.15941186,1.5232337
434061,525,298980.0,0.12010508,-0.012168491,1.3788393,-0.23155858,-0.68520033,0.1978475,0.42389742
434071,526,667510.0,-0.1570342,0.046917323,-0.10799076,-0.21520151,-0.21145453,-0.493995,0.36977077
434081,530,644510.0,-0.072718985,-0.19177184,1.3184056,-0.34514648,-0.43399784,0.8128182,-0.10762583
434111,531,640510.0,-0.19990325,0.60721177,2.190085,0.2101387,-0.82086605,0.25550097,0.62158155
434121,532,326040.0,-0.3868398,0.025046403,0.22388029,-0.33558676,-0.095962144,-0.3979059,0.039280225
434131,533,719560.0,0.8707427,-0.4392417,1.2387164,-1.1705897,-1.6253619,-0.14807375,0.76221097
434141,534,252100.0,-0.60284084,-0.5230579,1.0344034,-0.96355766,-1.0079206,1.370136,1.0381358
434151,535,779950.0,-0.84604335,-0.9997173,1.5385306,-0.29759288,-0.75418615,-0.43634152,2.3172367
434161,536,483590.0,0.17986979,-0.17841612,0.68122894,-0.84422046,-1.4339103,0.06332229,0.8840369
434171,540,3.30154e+06,-0.6231996,-0.7880946,0.20631094,-0.6047665,-0.58158636,0.42846137,0.35659015
434181,541,485160.0,0.59531385,0.62574327,2.929215,0.91502607,-0.07891299,0.4476792,0.8851893
435011,550,244450.0,-0.039010722,0.12512,-0.24650101,-0.58379316,-0.6411818,-0.8014802,1.871935
435021,551,312410.0,-0.6856718,-0.73180115,0.057012975,-0.3169965,1.6415195,-1.0320945,-0.2662111
435031,552,282440.0,0.6291537,0.36100563,1.9061344,0.8619108,0.0333996,0.35159007,-0.6050262
435032,552,548150.0,0.7511744,1.2913382,0.8496944,-0.61941195,-0.5269119,-0.43634152,0.45661154
435041,553,138910.0,0.1973819,-0.1310813,1.5199207,0.09685367,1.424131,-0.32103413,-0.47588784
435051,554,239880.0,-1.0198575,-1.5207412,1.9813169,0.6380004,-0.14777064,0.1978475,0.2471714
435052,555,1.04224e+06,-1.1202372,-1.2383635,1.8760011,0.7558168,1.509363,-0.4171237,0.48331082
435053,556,613140.0,-1.3776884,-1.3950952,1.5473293,1.3032644,0.122437775,-2.1275113,0.49779987
435061,560,858070.0,0.48741513,0.5510881,0.8300376,-0.6439776,-0.93326384,-0.16729157,0.9416035
435071,561,2.27905e+06,-0.4050713,-0.45144054,0.36168227,0.099811375,0.8937243,-0.1865094,0.031799745
435081,562,5.14853e+06,-1.1117095,-0.8186311,0.042356856,0.39353788,0.49058804,-0.7005869,0.42145115
435111,563,232570.0,-0.19725893,-0.31090456,1.223341,-0.3408229,-0.42687008,0.7743826,2.199207
436011,570,4.44676e+06,0.070497,-0.24858205,0.78711337,-0.65575576,-1.2938713,-0.6285198,0.2504674
436012,570,799350.0,-1.0919753,-1.7104993,1.6179891,-0.2780862,-0.90521467,-0.5516485,1.4782864
436013,570,1.20002e+06,-0.9250895,-0.8627259,1.0934603,-0.36426994,-1.0311402,-0.6093019,0.08582409
436014,570,5.32747e+06,-0.4685852,-0.22016796,0.52254474,-0.042716887,-0.82036084,0.12097622,0.34620556
439011,580,370290.0,0.6658461,-1.0530467,-0.45515016,-0.4455864,-0.58555764,-0.493995,0.13256472
439021,581,878890.0,0.48904717,-0.95052445,1.2531909,0.28152868,-0.61406296,0.8704717,1.1694168
439022,582,446530.0,-0.20976998,-0.9627058,0.24626505,-0.99250007,-0.87077576,-0.43634152,1.0029554
439031,583,89670.0,1.8293786,1.4299179,0.54343516,0.82868546,0.5950651,-1.0897479,-0.965929
439041,584,710030.0,-0.60233617,-0.84081703,0.5405191,-0.18663767,-1.0782031,-0.3306433,1.8932132
439051,585,428490.0,-0.68706524,-0.9990666,0.55103135,1.4243847,-0.11584061,-1.3203619,1.110289
439061,586,9.00443e+06,-0.6173899,-0.6694137,0.7415526,-0.5631495,-0.60072947,-0.37868807,0.8055024
439071,590,266950.0,0.33594018,-0.11835791,0.85958534,1.7307073,0.037037075,-0.37868807,-1.0490478
439081,591,50680.0,0.951251,1.049808,2.055554,-0.243318,-0.6932721,1.5815316,2.3270845
439111,592,57590.0,1.6278976,-0.7168462,0.22345717,-1.3809117,-0.9695652,-0.032766815,1.797925
451011,600,60280.0,0.47275227,0.932605,-1.2290702,0.45855764,0.9382745,-0.042375498,-1.0085546
451012,600,5820.0,-1.6136518,-0.5168609,-0.050197747,-0.82916117,0.25608698,0.6398579,0.8519518
452011,601,41030.0,0.27790564,0.5322615,-0.12563701,-0.22142652,0.48291168,-0.6861732,-0.1952681
452021,605,6240.0,-0.9149239,-1.7700896,-2.1632955,-0.8802184,0.7521692,-0.6093019,0.5952051
452041,604,131670.0,-1.9604949,-1.648438,0.5361417,0.7102553,-0.14020441,-2.6848288,0.8945554
452091,605,63570.0,-1.6965048,-2.0740075,-0.7635151,1.8627777,1.7502619,-0.1865094,-0.23330292
452092,605,697910.0,-1.577969,-0.7893551,-0.7818749,1.2817181,1.1600146,-1.7143278,0.94229656
452093,605,140730.0,0.033620127,0.14863555,-1.1973739,1.0975292,1.2391491,-0.82069796,-1.499902
453011,610,2610.0,-1.3229071,-1.0550902,-1.03631,1.9026649,1.7246549,-2.1851647,-0.30873686
453021,610,2610.0,-0.45577163,-1.1061339,-2.8076153,-1.0266298,1.6574925,-0.6093019,1.5187519
454011,612,26000.0,0.18802552,0.7963535,-0.5711393,1.2160814,1.4091855,0.101757936,-0.025987435
454021,613,26070.0,-1.955646,-1.7478595,-1.4194889,1.6551583,1.9858626,-1.7047187,1.0699668
454022,613,82880.0,-0.91704696,-0.92001957,-1.9089217,2.1868482,2.05076,-2.6079571,-0.58658516
454023,613,13760.0,-0.11425683,0.7327974,-0.074384116,0.24892326,1.1946585,0.06332229,-0.35897118
471011,620,1.70738e+06,0.83481157,1.4012321,-0.43702218,0.3602698,0.5527063,-0.4171237,-1.1749105
472011,621,53650.0,0.399483,0.15669054,-1.6730902,0.5344104,1.4771553,-1.666283,-1.9057549
472021,622,350320.0,-0.69963014,-0.39643064,-0.19930856,0.40535375,1.0977153,-0.82069796,0.2866772
472022,622,54000.0,-0.017875332,0.70209455,-1.4873104,0.13105106,1.4947928,-1.8008078,-0.0387608
472031,623,2.89158e+06,-0.0025668102,-0.072549544,-0.4933108,0.6635367,1.5785404,-0.77265364,-0.508786
472041,624,108520.0,-1.5301867,-0.31169817,-0.98276395,0.4877162,1.5839728,-1.5317583,0.9203963
472042,624,43500.0,0.16034687,-0.4271055,-1.0844617,-0.05658393,0.89426297,-1.7623721,-0.27813438
472043,624,21650.0,-0.6837728,-0.43619704,0.019087266,1.653908,1.2888931,-1.0705302,-0.22134928
472044,624,151530.0,-0.18284342,-0.3842322,-0.18752137,0.61743665,0.9958871,0.466897,-0.13580307
472051,625,636740.0,-0.9321502,-2.016747,-0.63814414,0.85970086,1.2467335,-0.8014802,-0.12873454
472053,625,17910.0,-0.64660895,-0.73849726,-1.232673,1.2382678,1.6380451,-1.4933226,0.079763055
472061,626,3.00359e+06,-0.7594693,-0.21394122,0.0148708625,1.041096,1.2381537,-1.6855009,-0.12225903
472071,630,190160.0,0.21758577,0.66496444,-0.5739785,2.3546963,2.0682716,-1.1281836,-1.8308182
472072,632,14740.0,-0.5644209,-0.7646773,0.38535345,2.387732,1.9824036,-1.9161152,-1.0409719
472073,632,1.17543e+06,-1.0500451,-0.7852284,0.2421719,2.1666062,1.7302308,-2.1851647,-0.719901
472081,633,405010.0,0.20885009,0.3202486,0.4348583,1.5934007,1.1533408,-1.1666192,-1.1424407
472082,633,115940.0,-1.1706107,-0.13204794,-1.7342618,0.59171987,1.3855019,-2.0890756,-0.12800679
472111,635,1.84843e+06,0.01563143,-0.23925291,0.07930317,0.35011053,1.7494936,-1.0897479,-2.4122
472121,636,152100.0,-1.2737738,-1.2799228,0.8656457,-0.10435351,0.91372037,-2.262036,0.25407457
472131,640,95360.0,-0.19954833,-0.68918645,-1.574532,1.1041272,1.8399903,-1.6278474,0.009203859
472132,640,79110.0,-0.20887123,-0.038510885,-1.2538314,0.29535016,1.0971496,-1.0513123,-0.54853207
472141,642,773500.0,-0.81325364,-0.92494524,-1.2387502,0.8866908,0.9912711,-1.0128766,0.4997181
472142,643,19840.0,-1.080581,-0.28304413,-0.6649958,0.23964587,1.4266372,-0.99365884,0.464013
472151,644,171500.0,-0.3805026,0.13693915,-0.2837805,1.7783369,1.3609304,-1.0513123,-1.3157859
472152,644,1.29174e+06,0.6437409,0.03741797,-0.9950323,0.2822997,1.0461155,-0.8110893,-1.6717281
472161,646,147770.0,-0.092615195,0.40889877,-0.1731763,1.592237,1.4159362,-0.32103413,-0.11339309
472171,653,88720.0,-0.13308914,0.15380685,0.5452942,1.4902891,1.7967935,-1.2050549,0.5546317
472181,651,368280.0,-0.056611378,-0.122275405,0.08333027,1.7199672,1.3040352,0.6014222,-0.2810115
472211,652,519820.0,0.12989545,-0.026339034,-0.16211736,0.6221925,1.2458586,-1.78159,-1.0137858
472221,653,201560.0,0.8763933,0.36374524,-0.17086741,1.8000042,2.2496555,-0.93600535,-0.82416856
473011,660,178850.0,0.07201567,-0.16748756,-0.34734547,1.8597807,1.5129138,-1.8008078,-1.7868463
473012,660,302250.0,-0.63238335,-1.6083412,-0.6718161,0.96223515,1.214853,-1.5509762,0.4464567
473013,660,292290.0,0.26435736,0.052251656,-0.64646435,0.6336969,1.2609619,-1.666283,-1.1233999
473014,660,67980.0,-1.2606845,-1.1456635,-0.5785151,0.6045114,1.142531,-2.3389077,0.39210126
473015,660,242520.0,-0.4253156,-0.31367135,0.43711284,0.5455523,1.3127811,-0.12885593,-0.4188558
473016,660,62810.0,0.7638526,0.6270261,0.60238755,0.80801904,1.7723821,-0.82069796,-1.4991369
474011,666,280340.0,0.91428643,0.021208972,-0.6919847,-1.4156345,-0.099141136,-0.12885593,-0.20482828
474021,670,65650.0,0.28250748,0.47924736,-0.083985746,0.32482162,1.4964173,-0.2825985,-3.233501
474031,671,73860.0,-0.78071177,-1.0641882,-1.4525129,0.85199034,1.8393875,-1.0513123,0.19831975
474041,672,116530.0,1.3091218,1.153141,0.2656195,1.6668463,1.4240937,-2.2043824,-1.0938085
474051,673,416410.0,-0.7270159,-0.21087018,-0.64601594,0.7552273,1.9606586,-0.59008414,-0.5532647
474061,674,41240.0,-0.09736787,-0.1753081,-0.15337417,1.1870396,1.7011769,-0.8014802,-0.3237646
474071,675,63470.0,0.22954892,0.2583748,-0.2624125,1.2383194,1.8916323,0.101757936,-1.559859
474091,676,2300.0,0.38359898,1.6398227,-0.25172254,0.648266,1.245972,-0.70539105,-0.8800268
475011,680,49600.0,-0.78524035,-0.1805662,0.543364,2.1991289,1.8082237,-0.6285198,-0.59454143
475012,680,56110.0,0.3592873,0.7298965,1.4601257,2.250252,1.7411516,0.9857786,-1.8195946
475013,680,75330.0,-0.6285245,0.09415323,1.3937262,1.8407481,1.7857603,-1.2434905,-0.38543177
475021,682,57630.0,0.1846577,-0.23186125,-1.8416336,2.0715382,1.9711063,-2.3773434,0.019965718
475031,683,15660.0,0.5798651,0.6893042,0.9491621,1.5702335,1.7398338,-0.8591341,-1.4403762
475041,684,28490.0,-1.1186712,-1.1585677,1.3267714,3.0298207,1.8428687,0.14019403,-1.2560936
475042,684,22240.0,-0.6560016,-0.86134684,-0.4707931,3.138982,2.0118415,-1.78159,-1.4229565
475051,694,11490.0,-1.0041833,-1.3687274,0.13973512,1.0489479,1.1948591,-0.8975697,1.2950158
475061,694,12510.0,-1.01498,-0.62227327,0.5640428,3.2699816,2.493219,-0.974441,-0.57370025
475071,680,128890.0,0.40142676,-0.0650955,-0.194607,0.8910387,1.7191824,-1.5125405,-1.6539013
475081,694,74200.0,0.72966766,0.050827093,-0.5440169,1.9479976,2.262429,-1.8008078,-1.7011566
491011,700,1.35019e+06,-0.015773686,1.7570345,-0.33931485,-0.014721938,0.6974746,0.12097622,-1.5156839
492011,701,410730.0,1.4749811,0.12793913,-0.7492922,0.42154378,1.0412848,-0.493995,-2.3823113
492021,702,17990.0,0.608838,-0.7643873,-1.0524409,-0.60365236,0.7219365,-0.22494504,-3.003449
492022,702,577770.0,0.56765985,-0.2527609,-0.9290357,0.19685449,1.7751715,-0.09042028,-2.1456046
492091,703,54150.0,0.6069941,-0.42920285,0.7285338,0.24199384,0.57516265,-0.6861732,-2.1769679
492092,704,64320.0,-0.27582106,0.094629295,-0.8467767,0.6005849,1.2468975,-1.0897479,-1.4090099
492093,710,59200.0,0.55673105,-0.8845182,0.32584676,0.26726827,0.6378195,-2.857789,-0.7364493
492094,710,227340.0,0.606117,-0.7310572,-0.27422777,0.83115077,1.1616682,-0.91678756,-2.171638
492095,710,66660.0,0.9941355,0.49708197,0.8464425,0.29870936,0.9834752,-0.7822623,-2.4175625
492096,711,56470.0,1.5448172,1.1487422,-0.73304623,0.22582826,1.8944786,-0.34025198,-3.1438453
492097,712,108840.0,0.036293868,-0.49748316,-1.5124296,-0.562231,0.9561916,-0.013548995,-1.4190819
492098,713,161910.0,0.291926,-0.33302498,0.021791916,0.22097108,1.1816663,-0.64773756,-1.9554709
493011,714,352110.0,0.549964,0.16033548,1.1836588,0.116621636,1.8205462,-1.8392439,-1.4463092
493021,715,466450.0,-0.72855264,-1.0584764,0.46047592,-0.063296854,1.4080827,-1.0513123,0.30999312
493022,716,54750.0,0.48960087,0.029811542,0.27943859,-0.3575387,1.1871352,-0.59008414,-1.991063
493023,720,1.94794e+06,0.37048024,-0.27591583,0.6464258,0.77641785,2.0019236,-0.9456145,-1.7380172
493031,721,753500.0,-0.38604426,-1.1797442,-0.6965335,0.8389062,1.8855919,-0.493995,-1.3352257
493041,722,89960.0,0.14869165,-1.1061387,-0.11612175,-0.12473376,1.9615632,-1.0705302,-1.4395812
493042,722,360740.0,-0.4183991,-0.69521564,-0.17202422,1.3996687,2.1036592,-1.8776796,-2.026123
493043,722,71270.0,0.13647173,-0.7628434,-0.41030475,0.740071,1.8013319,-1.0320945,0.27814874
493051,724,56350.0,0.40039635,-0.5912732,0.26307768,0.4884369,1.5066257,-1.1666192,-2.0759284
493052,724,49640.0,0.920217,1.2125708,-0.6006453,0.47232693,1.9051329,-2.1082933,-1.7908089
493053,724,77800.0,0.14037028,-1.0162356,-1.7380136,0.4145279,1.5583835,-0.53243065,-0.8321564
493091,726,25460.0,0.30021837,-0.4360913,-1.0808679,-0.8608398,1.2868254,-0.14807375,0.18146901
493092,726,41130.0,-0.45626605,-0.12236988,-0.99949205,-0.5650221,1.5725368,-2.2812538,-1.8799077
493093,726,304490.0,-0.5053182,-0.1340567,0.47176135,1.7279143,1.9436668,-0.3979059,-0.50062066
499011,730,47810.0,-0.31606498,-0.6823981,0.46275768,0.23914708,1.758887,-1.6855009,-2.0392292
499012,730,124070.0,-0.4814031,-0.71129864,1.1656328,0.025560346,1.0967516,-1.3203619,-1.1288762
499021,731,754920.0,-0.00039757052,0.3390672,-0.87076443,0.45582786,1.5561289,0.6302487,-2.3812382
499031,732,125050.0,0.09906717,-0.29308242,-1.7891893,0.036710035,1.0458456,-0.3979059,-2.5158472
499041,733,752010.0,0.078935646,-0.11686997,-0.15398201,1.4445606,1.7200027,-1.6278474,-1.1366919
499042,734,3.92675e+06,-0.6874948,-0.92286795,-0.96814746,-0.038698472,1.4891591,-0.8014802,-1.1773562
499043,735,243560.0,-0.0015294605,-0.7023527,-0.4086059,1.5343243,1.3871596,-1.301144,-1.0274081
499044,736,155760.0,0.34288266,0.048841134,-1.3242855,0.61247236,2.3652287,-2.242818,-1.0275899
499045,733,9290.0,-0.3275329,-0.89795166,0.5803473,1.5545645,1.4200307,-0.8783519,0.9009857
499051,741,326570.0,0.45462772,1.0233649,1.1469634,1.7315454,1.8450831,-0.4171237,-2.4851484
499052,742,459250.0,0.4327361,0.012483413,0.19998503,1.01404,1.858396,-1.4933226,-2.661789
499061,743,10500.0,-0.5115134,-1.7414658,-1.1450005,-0.6540791,0.17958593,-0.8014802,-1.2001789
499062,743,94120.0,0.14093894,-0.4533075,1.2909751,0.14810827,1.1478378,0.12097622,-2.433066
499063,743,15360.0,0.08730841,-0.40410876,0.25329608,0.12170338,0.7003113,-0.4747772,-0.627318
499064,743,8970.0,-0.088350266,-1.6756233,-0.97223586,-0.4287825,0.40073183,-1.6086296,-0.020310469
499091,751,121160.0,-0.28987792,-0.7028241,-0.74013877,0.5045407,1.817679,-1.2819262,-1.5877122
499092,762,6970.0,0.80353874,1.1213852,-0.2136553,1.4058088,2.017361,-1.2819262,-2.4280438
499093,762,4410.0,-1.2086722,-1.2881699,0.592454,0.36700538,0.24641092,-0.59008414,0.6002156
499094,754,52700.0,0.16797532,0.06787712,-0.58460283,0.15044615,1.5830138,-0.4171237,-1.4732655
499095,755,28790.0,0.8384868,2.4883606,-0.6099768,2.055822,2.3844185,0.5822039,-1.4812585
499096,756,36240.0,-0.9624103,-1.4391761,-0.3868845,0.34885827,1.429691,0.17862968,0.5287817
499097,762,18170.0,0.3189598,-0.4919568,0.17830385,0.508024,1.6616831,-1.6278474,-2.3919103
499098,761,470950.0,-0.30222785,-0.59434927,-0.23988819,1.0426285,1.435199,-0.20572722,-0.7371311
511011,770,2.02342e+06,0.7072815,1.9235209,-0.028865816,0.8469603,-0.42022863,0.1978475,-0.5553759
512011,771,84910.0,-0.026383279,-1.0025002,1.5601506,1.0084599,1.3384333,-1.3972336,0.006058158
512021,772,68050.0,-0.7041118,-1.1009047,2.6044598,2.1245794,0.9855681,-1.6086296,0.5179981
512022,772,635200.0,-0.72666764,-0.14942741,1.1783297,1.3719822,1.1356742,-0.5708663,0.17880677
512023,772,181530.0,-0.977128,-0.35291868,-0.1864102,0.94678634,0.47213197,-1.8008078,-0.77460814
512031,773,135650.0,-0.54873455,-0.67629564,1.7620504,1.6799593,1.2796305,-1.0128766,-0.13795327
512041,774,301000.0,-1.0352136,-1.3343183,-0.27333683,0.15968286,0.5606211,-1.78159,0.68032986
512091,775,94880.0,0.4553024,1.0329449,-0.012222568,2.0618367,1.1465608,-0.70539105,-0.8083973
512092,775,3.65964e+06,-0.5098441,-0.7298347,1.1639377,2.1310432,1.1404035,-1.1281836,-0.10397298
512093,775,7630.0,0.08075096,-0.8433136,-1.7060353,-0.6392116,0.39939833,-2.665611,-0.9456118
513011,780,425370.0,-0.2600625,0.32287103,-1.4786716,0.315526,-0.0850565,-0.22494504,-0.5406769
513021,781,385520.0,-0.85939735,-0.3117481,-0.021098463,1.2523285,0.44293082,-1.2434905,-0.46685642
513022,781,426710.0,-1.8514374,-1.3440884,0.09512839,1.1990466,0.24118426,-1.1474015,1.0291979
513023,781,360630.0,-0.70469445,-1.7251079,0.95582294,2.1034353,0.3111135,0.1978475,1.1558589
513091,783,54800.0,-1.0136374,0.39499548,0.25989416,1.6130699,0.099481404,-2.300472,-0.49160758
513092,784,281640.0,-0.91464055,-0.59444267,0.5449618,2.130271,0.61259246,-1.4933226,1.0600853
513093,785,128950.0,-8.6800545e-05,0.33727026,1.0051471,2.3468976,0.36017814,-0.22494504,-0.83442265
514011,790,416450.0,0.027018797,-0.7849673,2.1809964,2.4088268,1.3933604,-1.4164513,-0.3522136
514012,790,52940.0,0.6097041,-0.43431848,0.24167909,1.5500636,0.18094823,-1.7047187,0.41731033
514021,792,276430.0,-0.5815803,-1.3545581,-0.26098934,2.0412278,1.4278271,-1.7431543,-0.3765596
514022,793,95030.0,-0.39190513,-1.3715484,0.2728887,1.407883,0.56890833,-1.820026,0.90092003
514023,794,110160.0,-0.32121754,-0.007718134,1.3970921,2.291869,1.7607905,-0.3018163,-1.351747
514031,795,789280.0,-1.0524582,-1.7494826,0.9450158,2.317506,1.1832587,-0.8591341,0.16714694
514032,796,123340.0,0.09914415,-0.14259872,1.4244773,1.9137137,1.0585402,-2.0506399,0.033675957
514033,800,298270.0,0.21955529,-0.76390487,1.190646,2.4732916,1.3745432,-1.3203619,-0.91503596
514034,801,198390.0,-0.17790999,-1.222414,1.0388606,2.0348258,1.026037,-2.0890756,0.04144725
514035,822,84610.0,-0.45653024,-0.5984054,1.7253999,2.421538,0.8855284,-1.454887,-0.7472285
514041,803,1.16497e+06,0.18869664,-0.7202851,0.019081699,1.9969556,1.1961515,-1.0897479,-0.13569175
514051,804,55570.0,-0.72782207,-0.9913441,-0.11103714,1.7222062,1.7549791,-1.0320945,-0.19867195
514052,804,44690.0,-0.74077564,-1.3179953,0.82030964,2.0813766,1.5251724,-0.4747772,-0.2796901
514061,806,25760.0,-0.081898816,-1.2228788,-0.06410823,0.741342,0.4876928,-1.666283,0.6963952
514062,806,21170.0,0.8162719,-0.45719436,0.6351399,0.98889136,0.961844,-2.1082933,0.023988944
514071,810,45350.0,-1.631315,-2.2502422,0.9916732,1.3629935,0.76939213,-1.5894117,1.0714644
514072,810,460600.0,-0.60738915,-1.0624952,-0.4077608,2.2251964,0.627987,-1.3203619,0.5295012
514081,822,285690.0,0.3364311,-0.2093867,0.69189453,2.2280285,1.1794096,-1.0513123,-0.45421016
514111,813,289200.0,-0.26370817,-0.80546886,0.1980305,0.7633368,0.697877,-2.5695217,-0.21139407
514121,814,1.12042e+06,-0.33729392,-0.9143524,0.924297,1.1983596,0.7883334,-2.175556,-0.7058305
514122,814,144810.0,-0.7663383,-1.4225527,1.3974739,2.3038332,0.49202934,-1.6278474,0.10997707
514191,815,78860.0,-0.65848386,-1.0320235,1.275313,1.8785995,1.3784958,-1.1089658,-0.4427433
514192,816,30120.0,0.40391684,-0.13072844,-0.6509121,0.96497035,1.1515626,-2.4734325,-0.81184846
514193,820,123420.0,-1.1211281,-1.0118706,-0.87769806,1.4919702,0.42866495,-2.3965611,0.54175395
514194,821,53040.0,0.99280393,0.4400648,-0.275764,1.8789994,1.6135125,-1.0128766,-1.7251372
515011,823,191020.0,-0.60890687,-1.013966,0.61551607,2.4580488,0.4249301,-1.9929864,0.22211727
515012,823,21010.0,-1.0025367,-0.48924035,-0.5041936,1.3170136,0.5192568,-0.051984638,0.3564393
515021,824,140100.0,-0.5079335,-0.46077752,1.6030898,2.4955416,0.8774548,-1.1281836,-0.9158392
515022,825,208480.0,0.04242231,-1.0049258,1.0786211,1.0779117,-0.3262377,-0.70539105,-0.2231422
515023,826,583920.0,-0.2932348,-0.97963685,0.6262132,2.3429945,0.72072333,-1.8968973,0.5123852
516011,830,654000.0,-1.6913775,-0.70646954,-0.51179636,1.9024733,-0.09013745,-0.82069796,0.053618427
516021,831,223030.0,-1.4283695,-2.5825405,-1.1448557,2.1128693,0.6261952,-1.820026,1.9923466
516031,832,652550.0,-1.28643,-1.2663169,0.39810202,2.0474014,0.48226446,-1.7047187,1.2558335
516041,833,23010.0,-1.3705959,-1.7859454,-0.36129984,0.45140752,0.19496813,-2.3965611,1.2404169
516042,834,12060.0,-0.68730766,-0.96396303,1.8384801,2.3969622,0.45447373,-0.72460884,0.91196793
516051,835,29370.0,0.29741526,-0.67632014,0.01820236,0.61777437,0.49544826,-0.6093019,0.16390216
516052,835,91700.0,0.20161003,-0.4691631,0.15507169,1.561403,0.6170133,0.8128182,0.27456373
516061,836,59780.0,-0.28461614,-0.8491419,-0.024809532,1.5729299,0.27151075,-0.59008414,-0.48442024
516062,840,61640.0,0.17046952,-0.15265524,-0.30561155,2.2365563,1.1825227,-1.9929864,-0.9191657
516063,841,115060.0,-1.3841769,-0.96788025,0.7088898,2.3081255,0.48634222,-0.82069796,0.4154547
516064,842,132330.0,0.13788004,0.036675926,0.69057906,2.8384435,0.49389246,-0.3594698,0.10427155
516091,846,56140.0,-0.78406644,-0.53004706,1.0477265,2.26773,0.83035445,-2.915443,-1.2148577
516092,846,26860.0,1.5109732,0.30085212,0.38030475,0.46131116,-0.041992288,-0.93600535,-0.46526667
516093,845,121670.0,0.13584065,-1.055043,0.76888466,1.3528649,1.5088607,-1.2434905,-0.39500824
517011,850,378170.0,-0.6358055,-1.1400812,0.4575047,1.8020313,1.4475806,-1.6855009,-0.20942135
517021,851,72970.0,-1.4969808,-0.39335272,-0.3168514,1.6136177,1.0435392,-3.4151068,0.077327184
517031,855,5810.0,0.90183437,-0.8253807,-0.27496508,0.3078817,0.7112304,-1.0320945,-0.17878848
517032,855,6310.0,-0.11316416,-1.0093222,-0.63385123,1.0181491,1.404174,-2.3581254,0.4952737
517041,853,178670.0,-0.6791583,-0.3103541,0.23162648,2.3275373,1.1507096,-1.3972336,-0.49273476
517042,854,287610.0,-0.53943,-1.5302523,0.079145685,2.4964526,1.0095567,-1.185837,0.3246172
518011,860,11700.0,0.9060788,-0.41388133,1.9479779,0.032757238,0.2167362,-1.2434905,0.13854636
518012,860,25350.0,0.8467644,0.34815985,0.5641304,-0.21129613,-0.48664105,-0.22494504,0.37688476
518013,860,102250.0,0.5535039,-0.4281693,-0.60741574,0.9261051,0.70260686,-0.20572722,-0.77687675
518021,861,126210.0,0.12892024,-0.5983541,-1.6318133,0.74628764,0.5396593,-0.032766815,-1.1050376
518031,862,317780.0,0.32834467,0.120749086,0.29243222,1.5473076,1.0120773,-1.1666192,-1.4635106
518091,863,159640.0,0.0394777,-0.21522407,0.55255306,1.690248,0.93587834,-1.5509762,-0.5115517
518092,863,35840.0,-0.056218464,-1.2408316,-0.3909488,0.49647033,0.56794024,-1.3780158,0.056090765
518093,863,124620.0,0.60318357,0.13294557,0.29667494,1.0661867,0.9742677,-0.6861732,-0.6347985
519011,864,153800.0,0.50915277,0.28588846,0.73035777,1.595699,0.9719955,-0.37868807,-0.8133092
519012,864,129220.0,0.33134475,0.14407653,0.36801514,1.8309454,0.8729462,-0.9552232,-0.6139344
519021,865,125750.0,0.7110959,-0.022885507,-0.12515306,1.891593,1.6730559,-1.8584617,-0.9050461
519022,865,131620.0,1.0623318,-0.0438066,0.49874264,2.3259718,1.2625822,-1.6470653,-1.0923669
519023,865,409520.0,-0.70600396,-0.5081604,0.8453165,1.6174655,1.2358246,-0.43634152,-0.94512504
519031,871,83330.0,-1.6860482,-1.7305268,1.6151072,2.2168748,0.623168,-1.4164513,0.32794273
519032,871,236250.0,0.29501477,0.5979308,2.108665,2.9995618,1.1578681,-0.72460884,-0.7561794
519041,872,250020.0,-0.22570091,-1.5898672,1.6317704,2.6141145,0.6228109,-0.72460884,0.19352113
519051,873,79830.0,-1.0004897,-0.51030225,0.6931867,1.9502511,0.82868326,-2.165947,-0.02883725
519061,874,1.46208e+06,0.20467658,-0.38227564,-0.8028903,1.2008716,-0.17639747,-1.5701939,0.16425283
519071,875,81480.0,-0.1565067,-1.2254099,1.0183892,0.5824242,0.225004,-0.974441,0.23949309
519081,876,135970.0,0.6214692,0.13483049,0.07180489,1.2981659,0.41973516,-0.8975697,0.3541477
519082,876,33320.0,0.79234475,0.7372365,0.14323352,0.24575499,0.4971467,-0.4747772,-1.9596123
519083,876,86770.0,-0.16238523,-0.26568073,1.5793722,2.5711608,0.35496446,-0.09042028,-0.894278
519111,880,1.14875e+06,0.64650655,-1.5895778,0.53616697,2.3434415,2.1643615,-2.2812538,-1.6769998
519121,881,305640.0,0.06747908,-0.8614317,0.7339002,2.281784,1.1138763,-1.3972336,-0.39603266
519122,881,156080.0,-1.2284396,-0.68152285,-0.22645447,1.3240252,1.267446,-0.8014802,0.07358288
519123,881,89520.0,-0.6401953,-1.311585,1.8731014,2.036711,0.49565467,-2.0506399,0.9618586
519131,883,73270.0,0.53971314,-0.6393379,1.1452079,1.6048634,0.3434227,-0.91678756,-0.2630586
519132,883,154700.0,-0.93542117,-0.13077801,0.3369995,1.72391,-0.050339583,-1.1089658,-1.0022682
519141,896,122930.0,0.09016609,0.035148032,1.4574609,1.6544312,0.5386233,-1.7431543,-0.4382504
519191,885,70860.0,-0.52428347,-0.64659274,0.37549132,2.4955256,1.2382706,-0.3594698,0.7430968
519192,886,47600.0,-1.1757267,-0.25568447,0.35907948,0.6972904,0.41012627,-1.33958,0.5681536
519193,896,29300.0,0.86335564,-0.53744125,1.6651087,1.8922131,1.0610275,-0.493995,-0.5715128
519194,891,32570.0,-0.37813377,-0.9737537,-0.82425284,1.9554092,0.43857497,-0.22494504,-0.6042773
519195,892,125510.0,-0.10368211,-0.72130215,0.051024783,1.480886,0.84325254,-1.3539933,0.1709046
519196,893,332740.0,0.32769167,0.6434019,-0.41278487,2.791829,0.8619348,-0.493995,-0.37135506
519197,894,63600.0,-0.95034796,-1.1574063,2.636131,3.4633863,1.4068974,-4.433652,1.4546139
519198,895,1.5924e+06,-0.47054735,-0.8084263,-0.0511051,1.2914425,0.952928,-1.2627083,0.72953427
531011,900,16520.0,-0.0068907165,1.4377367,0.14489713,1.2482086,1.1576684,1.370136,-1.5000613
531021,900,539250.0,0.6127334,1.4114449,-0.34371898,-0.05004584,0.12600541,0.90890735,-0.14460868
531031,900,665800.0,0.7459848,2.1883848,0.24789731,0.074873105,0.2680217,0.79360044,-0.95193166
532011,903,230300.0,0.9927862,-0.096949235,1.1159303,1.4499553,3.0230231,0.35159007,-0.9202626
532012,903,81160.0,0.08700801,-0.15236968,-0.10527701,1.1529862,2.5433238,0.40924355,-0.2725396
532021,904,69010.0,0.6524408,-0.9776913,1.5162225,-0.056861673,0.04279797,-1.1666192,1.0378232
532022,904,15480.0,0.61718965,-0.08926383,0.83193517,-0.55729336,0.6462628,0.25550097,-0.68234795
533011,915,60940.0,0.28863254,0.38424635,-0.295978,-0.9261674,1.5587279,0.1978475,-1.1879047
533021,912,563620.0,-0.45783186,-0.7030344,2.0114079,1.211795,2.6089833,0.90890735,-0.42756218
533022,912,1.38404e+06,-0.6141664,-0.99924564,0.8107737,0.44808495,2.1668656,0.73594695,-0.7870744
533031,913,1.17957e+06,-0.38718534,-1.2022253,-0.8210971,0.3747444,1.3513063,0.4476792,-0.013706715
533032,913,4.99228e+06,-0.6023866,-0.91529775,-0.23893741,1.6062827,2.4961596,-0.5708663,-0.3656284
533033,913,2.80277e+06,-0.85343385,-1.4809527,1.2412504,0.8763294,2.121144,0.17862968,-0.6199567
533041,914,464360.0,-1.1130928,-1.2541586,-0.8763279,-0.6420518,2.3169572,0.5245505,-0.8601005
534011,920,116020.0,-1.014719,-0.5920104,0.8889298,1.7762583,2.0446444,-1.33958,0.1580882
534012,920,1680.0,-0.25656614,-0.69922745,1.2347196,2.0555172,1.8477018,-3.491978,-0.41268197
534013,920,17740.0,-0.0085155405,0.33449143,0.0963078,1.3410844,2.3621495,-2.2236004,-0.62576246
534021,923,66630.0,-0.2793636,0.027336705,0.06149323,0.80303216,1.3634783,-2.1851647,-0.22204821
534031,924,112980.0,-0.20846781,-0.20189032,0.23766647,0.78410417,1.0049281,-1.0897479,-0.219322
534041,926,20770.0,-0.6402308,-1.0184201,2.3374534,1.9721144,2.298279,-0.16729157,-0.3564055
535011,930,95300.0,-0.116670616,0.030269193,0.3508467,1.0106659,1.7584493,-0.8399158,-0.80449814
535021,931,88280.0,-0.11480561,0.7069933,0.006809308,0.98621845,2.3328502,-0.0071430546,-1.4268172
535022,931,8400.0,-0.7301914,-0.09293837,-1.868697,-0.19344565,2.5061874,0.101757936,-1.3235978
535031,933,41140.0,0.49362752,0.15744801,0.49059504,1.3182285,1.0285804,-1.1474015,-2.3249502
536011,942,12070.0,-1.0713197,-0.3861129,0.016927648,0.91076785,0.7247147,0.04410447,0.039778505
536021,935,387980.0,-1.2543288,0.26512706,0.9384249,0.30147427,1.7326968,0.71672916,-0.2317439
536031,936,284260.0,-1.3309613,-0.74391913,0.8072296,1.104854,1.2549708,-1.0513123,-0.2046878
536041,942,20100.0,0.5874642,0.48666972,-1.0661112,-1.0913315,0.11321132,0.2747188,-0.24868861
536051,941,73490.0,0.6266387,-0.21144517,0.31063536,0.03398572,0.6421582,-0.16729157,-1.0885009
537011,975,144880.0,-0.54872346,-0.96864885,-0.3067606,0.84574676,0.5893233,-1.454887,-1.0421289
537021,951,135150.0,-1.4359615,-1.2955506,1.1030552,2.6134222,2.104749,0.04410447,0.22946812
537031,952,5410.0,-0.28071702,-0.20173621,-1.3832244,1.436974,1.5934831,-1.0128766,-0.4081707
537032,952,201660.0,-0.40648738,-0.6616488,-1.0187147,1.9892005,2.7030733,-1.2434905,0.048720255
537033,952,7640.0,-1.5556542,-1.462059,-1.6818868,1.4510576,1.8294544,-0.99365884,0.24388087
537041,956,9320.0,-0.024614962,-0.0040124855,0.12815663,2.8223684,2.0028293,-1.3203619,-1.0635607
537051,960,1.88686e+06,-0.7394185,-0.7933217,0.47422194,1.3376899,2.3421624,-1.33958,0.16557093
537061,961,1.00412e+06,-1.1137497,-1.00603,-1.097845,0.9403677,1.054443,-1.4933226,-0.14564614
537062,962,7.09953e+06,-0.8811645,-0.53155667,0.6511475,1.1035072,1.1708343,-1.2242727,-1.0927869
537063,963,439480.0,-0.600857,-0.4986715,0.4869219,2.6286695,1.1328981,-1.2819262,0.64610296
537064,964,2.46633e+06,-1.5044225,-0.8275968,-0.4141566,0.8169096,0.23799568,-0.493995,0.48713246
537071,965,12080.0,0.40289366,-0.19774929,-0.22832721,1.336207,1.3690747,-0.22494504,-0.8615024
537072,965,30400.0,-0.042905323,-0.2643291,1.3263484,1.5391195,0.9547248,-1.1666192,-0.5038955
537073,965,39250.0,-0.35449624,-1.0858116,-0.5395452,0.84251904,1.0027542,-2.262036,-1.1855016
537081,972,385970.0,-1.4393097,-1.5456367,0.2745028,1.9063398,1.8489883,-0.3018163,-0.2264343
537111,975,8620.0,-0.39713106,-0.7636686,-0.050250787,2.9464383,2.117688,-0.14807375,-0.58699584
537121,975,46180.0,0.20335966,0.41134712,0.25969037,1.8853496,1.5897417,-1.3203619,-1.3703747
111031,3,184190.0,-1.2187759e-09,-1.9724267e-09,-5.0873836e-11,3.2832754e-09,6.902481e-10,,-1.6477404e-09
113049,13,171210.0,-1.2187759e-09,-1.9724267e-09,-5.0873836e-11,3.2832754e-09,6.902481e-10,,-1.6477404e-09
119039,23,79920.0,-1.2187759e-09,-1.9724267e-09,-5.0873836e-11,3.2832754e-09,6.902481e-10,,-1.6477404e-09
131079,62,587940.0,-1.2187759e-09,-1.9724267e-09,-5.0873836e-11,3.2832754e-09,6.902481e-10,,-1.6477404e-09
132099,95,379680.0,-1.2187759e-09,-1.9724267e-09,-5.0873836e-11,3.2832754e-09,6.902481e-10,,-1.6477404e-09
152099,124,24440.0,-1.2187759e-09,-1.9724267e-09,-5.0873836e-11,3.2832754e-09,6.902481e-10,,-1.6477404e-09
173019,154,66950.0,-1.2187759e-09,-1.9724267e-09,-5.0873836e-11,3.2832754e-09,6.902481e-10,,-1.6477404e-09
191029,161,78490.0,-1.2187759e-09,-1.9724267e-09,-5.0873836e-11,3.2832754e-09,6.902481e-10,,-1.6477404e-09
191099,164,4830.5005,-1.2187759e-09,-1.9724267e-09,-5.0873836e-11,3.2832754e-09,6.902481e-10,,-1.6477404e-09
191099,161,13998.384,-1.2187759e-09,-1.9724267e-09,-5.0873836e-11,3.2832754e-09,6.902481e-10,,-1.6477404e-09
191099,160,4128.2,-1.2187759e-09,-1.9724267e-09,-5.0873836e-11,3.2832754e-09,6.902481e-10,,-1.6477404e-09
191099,165,15132.916,-1.2187759e-09,-1.9724267e-09,-5.0873836e-11,3.2832754e-09,6.902481e-10,,-1.6477404e-09
193039,182,24180.0,-1.2187759e-09,-1.9724267e-09,-5.0873836e-11,3.2832754e-09,6.902481e-10,,-1.6477404e-09
193099,186,93420.0,-1.2187759e-09,-1.9724267e-09,-5.0873836e-11,3.2832754e-09,6.902481e-10,,-1.6477404e-09
211019,200,74550.0,-1.2187759e-09,-1.9724267e-09,-5.0873836e-11,3.2832754e-09,6.902481e-10,,-1.6477404e-09
211029,201,187200.0,-1.2187759e-09,-1.9724267e-09,-5.0873836e-11,3.2832754e-09,6.902481e-10,,-1.6477404e-09
211099,202,317210.0,-1.2187759e-09,-1.9724267e-09,-5.0873836e-11,3.2832754e-09,6.902481e-10,,-1.6477404e-09
212099,206,18180.0,-1.2187759e-09,-1.9724267e-09,-5.0873836e-11,3.2832754e-09,6.902481e-10,,-1.6477404e-09
232099,215,149640.0,-1.2187759e-09,-1.9724267e-09,-5.0873836e-11,3.2832754e-09,6.902481e-10,,-1.6477404e-09
251069,220,17540.0,-1.2187759e-09,-1.9724267e-09,-5.0873836e-11,3.2832754e-09,6.902481e-10,,-1.6477404e-09
251199,220,805190.0,-1.2187759e-09,-1.9724267e-09,-5.0873836e-11,3.2832754e-09,6.902481e-10,,-1.6477404e-09
253099,234,1.66297e+06,-1.2187759e-09,-1.9724267e-09,-5.0873836e-11,3.2832754e-09,6.902481e-10,,-1.6477404e-09
259099,254,230735.06,-1.2187759e-09,-1.9724267e-09,-5.0873836e-11,3.2832754e-09,6.902481e-10,,-1.6477404e-09
259099,255,24894.932,-1.2187759e-09,-1.9724267e-09,-5.0873836e-11,3.2832754e-09,6.902481e-10,,-1.6477404e-09
271019,260,21070.0,-1.2187759e-09,-1.9724267e-09,-5.0873836e-11,3.2832754e-09,6.902481e-10,,-1.6477404e-09
271029,263,35690.0,-1.2187759e-09,-1.9724267e-09,-5.0873836e-11,3.2832754e-09,6.902481e-10,,-1.6477404e-09
272099,276,160030.0,-1.2187759e-09,-1.9724267e-09,-5.0873836e-11,3.2832754e-09,6.902481e-10,,-1.6477404e-09
273099,286,73050.0,-1.2187759e-09,-1.9724267e-09,-5.0873836e-11,3.2832754e-09,6.902481e-10,,-1.6477404e-09
274099,290,53520.0,-1.2187759e-09,-1.9724267e-09,-5.0873836e-11,3.2832754e-09,6.902481e-10,,-1.6477404e-09
291029,301,12530.0,-1.2187759e-09,-1.9724267e-09,-5.0873836e-11,3.2832754e-09,6.902481e-10,,-1.6477404e-09
291069,306,626570.0,-1.2187759e-09,-1.9724267e-09,-5.0873836e-11,3.2832754e-09,6.902481e-10,,-1.6477404e-09
291129,324,32970.0,-1.2187759e-09,-1.9724267e-09,-5.0873836e-11,3.2832754e-09,6.902481e-10,,-1.6477404e-09
299099,354,155210.0,-1.2187759e-09,-1.9724267e-09,-5.0873836e-11,3.2832754e-09,6.902481e-10,,-1.6477404e-09
319099,365,560890.0,-1.2187759e-09,-1.9724267e-09,-5.0873836e-11,3.2832754e-09,6.902481e-10,,-1.6477404e-09
331099,373,140250.0,-1.2187759e-09,-1.9724267e-09,-5.0873836e-11,3.2832754e-09,6.902481e-10,,-1.6477404e-09
352019,402,40480.0,-1.2187759e-09,-1.9724267e-09,-5.0873836e-11,3.2832754e-09,6.902481e-10,,-1.6477404e-09
359099,413,165790.0,-1.2187759e-09,-1.9724267e-09,-5.0873836e-11,3.2832754e-09,6.902481e-10,,-1.6477404e-09
372019,422,44320.0,-1.2187759e-09,-1.9724267e-09,-5.0873836e-11,3.2832754e-09,6.902481e-10,,-1.6477404e-09
373019,425,58120.0,-1.2187759e-09,-1.9724267e-09,-5.0873836e-11,3.2832754e-09,6.902481e-10,,-1.6477404e-09
393019,440,14270.0,-1.2187759e-09,-1.9724267e-09,-5.0873836e-11,3.2832754e-09,6.902481e-10,,-1.6477404e-09
393099,443,42020.0,-1.2187759e-09,-1.9724267e-09,-5.0873836e-11,3.2832754e-09,6.902481e-10,,-1.6477404e-09
399099,465,182910.0,-1.2187759e-09,-1.9724267e-09,-5.0873836e-11,3.2832754e-09,6.902481e-10,,-1.6477404e-09
413099,484,1.49773e+06,-1.2187759e-09,-1.9724267e-09,-5.0873836e-11,3.2832754e-09,6.902481e-10,,-1.6477404e-09
419099,496,492070.0,-1.2187759e-09,-1.9724267e-09,-5.0873836e-11,3.2832754e-09,6.902481e-10,,-1.6477404e-09
432099,503,11920.0,-1.2187759e-09,-1.9724267e-09,-5.0873836e-11,3.2832754e-09,6.902481e-10,,-1.6477404e-09
434199,542,752900.0,-1.2187759e-09,-1.9724267e-09,-5.0873836e-11,3.2832754e-09,6.902481e-10,,-1.6477404e-09
439199,593,830800.0,-1.2187759e-09,-1.9724267e-09,-5.0873836e-11,3.2832754e-09,6.902481e-10,,-1.6477404e-09
452099,605,25480.0,-1.2187759e-09,-1.9724267e-09,-5.0873836e-11,3.2832754e-09,6.902481e-10,,-1.6477404e-09
454029,613,11620.0,-1.2187759e-09,-1.9724267e-09,-5.0873836e-11,3.2832754e-09,6.902481e-10,,-1.6477404e-09
473019,660,107340.0,-1.2187759e-09,-1.9724267e-09,-5.0873836e-11,3.2832754e-09,6.902481e-10,,-1.6477404e-09
474099,676,177510.0,-1.2187759e-09,-1.9724267e-09,-5.0873836e-11,3.2832754e-09,6.902481e-10,,-1.6477404e-09
475049,684,9500.0,-1.2187759e-09,-1.9724267e-09,-5.0873836e-11,3.2832754e-09,6.902481e-10,,-1.6477404e-09
475099,694,26830.0,-1.2187759e-09,-1.9724267e-09,-5.0873836e-11,3.2832754e-09,6.902481e-10,,-1.6477404e-09
499069,743,39490.0,-1.2187759e-09,-1.9724267e-09,-5.0873836e-11,3.2832754e-09,6.902481e-10,,-1.6477404e-09
499099,762,407800.0,-1.2187759e-09,-1.9724267e-09,-5.0873836e-11,3.2832754e-09,6.902481e-10,,-1.6477404e-09
512099,775,877550.0,-1.2187759e-09,-1.9724267e-09,-5.0873836e-11,3.2832754e-09,6.902481e-10,,-1.6477404e-09
514199,822,144510.0,-1.2187759e-09,-1.9724267e-09,-5.0873836e-11,3.2832754e-09,6.902481e-10,,-1.6477404e-09
516099,846,69390.0,-1.2187759e-09,-1.9724267e-09,-5.0873836e-11,3.2832754e-09,6.902481e-10,,-1.6477404e-09
517099,855,33370.0,-1.2187759e-09,-1.9724267e-09,-5.0873836e-11,3.2832754e-09,6.902481e-10,,-1.6477404e-09
518099,863,41030.0,-1.2187759e-09,-1.9724267e-09,-5.0873836e-11,3.2832754e-09,6.902481e-10,,-1.6477404e-09
519199,896,873290.0,-1.2187759e-09,-1.9724267e-09,-5.0873836e-11,3.2832754e-09,6.902481e-10,,-1.6477404e-09
533099,915,226040.0,-1.2187759e-09,-1.9724267e-09,-5.0873836e-11,3.2832754e-09,6.902481e-10,,-1.6477404e-09
534099,926,19070.0,-1.2187759e-09,-1.9724267e-09,-5.0873836e-11,3.2832754e-09,6.902481e-10,,-1.6477404e-09
536099,942,142860.0,-1.2187759e-09,-1.9724267e-09,-5.0873836e-11,3.2832754e-09,6.902481e-10,,-1.6477404e-09
537199,975,148930.0,-1.2187759e-09,-1.9724267e-09,-5.0873836e-11,3.2832754e-09,6.902481e-10,,-1.6477404e-09
